Company_Name,BSE_Code,NSE_Symbol,Sector,Market_Cap_Cr,Revenue_Cr,Website
JSW Steel Ltd.,JSWSTEEL,JSWSTEEL,Steel & Iron,208845.30859159,83538.12,
Tata Steel Ltd.,TATASTEEL,TATASTEEL,Steel & Iron,193707.818995962,77483.13,
Jindal Steel Ltd.,JINDALSTEL,JINDALSTEL,Steel & Iron,89233.672531182,35693.47,
Steel Authority of India Ltd.,SAIL,SAIL,Steel & Iron,57947.001506023,23178.8,
NMDC Steel Ltd.,NSLNISP,NSLNISP,Steel & Iron,17578.2085960115,7031.28,
UltraTech Cement Ltd.,ULTRACEMCO,ULTRACEMCO,Cement,288793.80780772597,115517.52,
Grasim Industries Ltd.,GRASIM,GRASIM,Cement,152681.77331541548,61072.71,
Ambuja Cements Ltd.,AMBUJACEM,AMBUJACEM,Cement,124610.41801582501,49844.17,
Shree Cement Ltd.,SHREECEM,SHREECEM,Cement,94681.7797370795,37872.71,
ACC Ltd.,ACC,ACC,Cement,47116.244198177505,18846.5,
Dalmia Bharat Ltd.,DALBHARAT,DALBHARAT,Cement,37219.49925642,14887.8,
J.K. Cement Ltd.,JKCEMENT,JKCEMENT,Cement,32034.053254972,12813.62,
The Ramco Cements Ltd.,RAMCOCEM,RAMCOCEM,Cement,20218.251307882,8087.3,
Nuvoco Vistas Corporation Ltd.,NUVOCO,NUVOCO,Cement,11922.0750094535,4768.83,
Birla Corporation Ltd.,BIRLACORPN,BIRLACORPN,Cement,11623.0340624155,4649.21,
JK Lakshmi Cement Ltd.,JKLAKSHMI,JKLAKSHMI,Cement,10033.0692301315,4013.23,
Star Cement Ltd.,STARCEMENT,STARCEMENT,Cement,8554.700620531501,3421.88,
Prism Johnson Ltd.,PRSMJOHNSN,PRSMJOHNSN,Cement,8485.2728869205,3394.11,
India Cements Ltd.,INDIACEM,INDIACEM,Cement,7098.9126306325,2839.57,
Orient Cement Ltd.,ORIENTCEM,ORIENTCEM,Cement,4810.6883903945,1924.28,
JSW Cement Ltd.,544480,JSWCEMENT,Cement,0.0,0.0,
Adani Enterprises Ltd.,ADANIENT,ADANIENT,Mining & Minerals,357247.51587887853,142899.01,
Hindustan Zinc Ltd.,HINDZINC,HINDZINC,Mining & Minerals,181671.804668943,72668.72,
Hindalco Industries Ltd.,HINDALCO,HINDALCO,Mining & Minerals,134624.8729453465,53849.95,
Vedanta Ltd.,VEDL,VEDL,Mining & Minerals,127007.464902381,50802.99,
NMDC Ltd.,NMDC,NMDC,Mining & Minerals,69587.307520615,27834.92,
Jindal Stainless Ltd.,JSL,JSL,Mining & Minerals,56012.5207915725,22405.01,
Lloyds Metals And Energy Ltd.,LLOYDSME,LLOYDSME,Mining & Minerals,32197.3514399055,12878.94,
National Aluminium Co. Ltd.,NATIONALUM,NATIONALUM,Mining & Minerals,30442.256768958498,12176.9,
Hindustan Copper Ltd.,HINDCOPPER,HINDCOPPER,Mining & Minerals,30154.491717645004,12061.8,
Jai Balaji Industries Ltd.,JAIBALAJI,JAIBALAJI,Mining & Minerals,15997.3796024815,6398.95,
Gujarat Mineral Development Corporation Ltd.,GMDCLTD,GMDCLTD,Mining & Minerals,13019.5569512195,5207.82,
Sarda Energy and Minerals Ltd.,SARDAEN,SARDAEN,Mining & Minerals,8176.280105297499,3270.51,
MOIL Ltd.,MOIL,MOIL,Mining & Minerals,7590.147635497,3036.06,
Gravita India Ltd.,GRAVITA,GRAVITA,Mining & Minerals,6988.462064252,2795.38,
Indian Metals & Ferro Alloys Ltd.,IMFA,IMFA,Mining & Minerals,3513.0033365345,1405.2,
Lloyds Enterprises Ltd.,512463,LLOYDSENT,Mining & Minerals,0.0,0.0,
Pidilite Industries Ltd.,PIDILITIND,PIDILITIND,Chemicals & Fertilizers,146204.9756783405,58481.99,
Solar Industries India Ltd.,SOLARINDS,SOLARINDS,Chemicals & Fertilizers,73755.542429169,29502.22,
SRF Ltd.,SRF,SRF,Chemicals & Fertilizers,71289.831696779,28515.93,
Linde India Ltd.,LINDEINDIA,LINDEINDIA,Chemicals & Fertilizers,59459.198419865,23783.68,
PI Industries Ltd.,PIIND,PIIND,Chemicals & Fertilizers,54823.477577136495,21929.39,
Fertilisers and Chemicals Travancore Ltd.,FACT,FACT,Chemicals & Fertilizers,48631.242116993,19452.5,
UPL Ltd.,UPL,UPL,Chemicals & Fertilizers,38700.190577629,15480.08,
Gujarat Fluorochemicals Ltd.,FLUOROCHEM,FLUOROCHEM,Chemicals & Fertilizers,37426.891031504,14970.76,
Coromandel International Ltd.,COROMANDEL,COROMANDEL,Chemicals & Fertilizers,35301.956243875,14120.78,
Deepak Nitrite Ltd.,DEEPAKNTR,DEEPAKNTR,Chemicals & Fertilizers,31631.0404687745,12652.42,
Tata Chemicals Ltd.,TATACHEM,TATACHEM,Chemicals & Fertilizers,27257.52139647,10903.01,
Aarti Industries Ltd.,AARTIIND,AARTIIND,Chemicals & Fertilizers,24148.151656029,9659.26,
Sumitomo Chemical India Ltd.,SUMICHEM,SUMICHEM,Chemicals & Fertilizers,20250.540754667498,8100.22,
Atul Ltd.,ATUL,ATUL,Chemicals & Fertilizers,18213.308218279,7285.32,
Vinati Organics Ltd.,VINATIORGA,VINATIORGA,Chemicals & Fertilizers,17276.5703040285,6910.63,
Navin Fluorine International Ltd.,NAVINFLUOR,NAVINFLUOR,Chemicals & Fertilizers,16376.796182397,6550.72,
Himadri Speciality Chemical Ltd.,HSCL,HSCL,Chemicals & Fertilizers,16354.26207228,6541.7,
BASF India Ltd.,BASF,BASF,Chemicals & Fertilizers,16035.4119488705,6414.16,
Chambal Fertilizers & Chemicals Ltd.,CHAMBLFERT,CHAMBLFERT,Chemicals & Fertilizers,15827.214478971498,6330.89,
Clean Science and Technology Ltd.,CLEAN,CLEAN,Chemicals & Fertilizers,14706.6505548965,5882.66,
Fine Organic Industries Ltd.,FINEORG,FINEORG,Chemicals & Fertilizers,13612.4559057555,5444.98,
Aether Industries Ltd.,AETHER,AETHER,Chemicals & Fertilizers,11201.614328688,4480.65,
Alkyl Amines Chemicals Ltd.,ALKYLAMINE,ALKYLAMINE,Chemicals & Fertilizers,10888.1271424045,4355.25,
PCBL Chemical Ltd.,PCBL,PCBL,Chemicals & Fertilizers,10304.7341205295,4121.89,
Gujarat Narmada Valley Fertilizers and Chemicals Ltd.,GNFC,GNFC,Chemicals & Fertilizers,10148.226575316501,4059.29,
Gujarat State Fertilizers & Chemicals Ltd.,GSFC,GSFC,Chemicals & Fertilizers,9566.4452305185,3826.58,
Anupam Rasayan India Ltd.,ANURAS,ANURAS,Chemicals & Fertilizers,9541.5771228885,3816.63,
Rashtriya Chemicals & Fertilizers Ltd.,RCF,RCF,Chemicals & Fertilizers,8561.225028524499,3424.49,
Archean Chemical Industries Ltd.,ACI,ACI,Chemicals & Fertilizers,8032.406702804,3212.96,
Jubilant Ingrevia Ltd.,JUBLINGREA,JUBLINGREA,Chemicals & Fertilizers,7852.810650229,3141.12,
Balaji Amines Ltd.,BALAMINES,BALAMINES,Chemicals & Fertilizers,7308.9310802845,2923.57,
Deepak Fertilisers & Petrochemicals Corp. Ltd.,DEEPAKFERT,DEEPAKFERT,Chemicals & Fertilizers,7195.0881426005,2878.04,
Laxmi Organic Industries Ltd.,LXCHEM,LXCHEM,Chemicals & Fertilizers,7025.766155986001,2810.31,
Paradeep Phosphates Ltd.,PARADEEP,PARADEEP,Chemicals & Fertilizers,6027.798661798501,2411.12,
Rain Industries Ltd,RAIN,RAIN,Chemicals & Fertilizers,5704.90277416,2281.96,
Dhanuka Agritech Ltd.,DHANUKA,DHANUKA,Chemicals & Fertilizers,5662.8176688275,2265.13,
Rallis India Ltd.,RALLIS,RALLIS,Chemicals & Fertilizers,5217.134149322001,2086.85,
National Fertilizers Ltd.,NFL,NFL,Chemicals & Fertilizers,5156.174954566,2062.47,
GHCL Ltd.,GHCL,GHCL,Chemicals & Fertilizers,4991.5457508035,1996.62,
Epigral Ltd.,EPIGRAL,EPIGRAL,Chemicals & Fertilizers,4912.965656209,1965.19,
Privi Speciality Chemicals Ltd.,PRIVISCL,PRIVISCL,Chemicals & Fertilizers,4578.917368027,1831.57,
Sudarshan Chemical Industries Ltd.,SUDARSCHEM,SUDARSCHEM,Chemicals & Fertilizers,4531.2009560975,1812.48,
NEOGEN CHEMICALS LTD.,NEOGEN,NEOGEN,Chemicals & Fertilizers,3747.7980756035,1499.12,
Sharda Cropchem Ltd.,SHARDACROP,SHARDACROP,Chemicals & Fertilizers,3501.9249167139997,1400.77,
Styrenix Performance Materials Ltd.,STYRENIX,STYRENIX,Chemicals & Fertilizers,2846.6810407775,1138.67,
Refex Industries Ltd.,REFEX,REFEX,Chemicals & Fertilizers,1561.0666571275,624.43,
Bayer Cropscience Ltd.,506285,BAYERCROP,Chemicals & Fertilizers,0.0,0.0,
Swan Corp Ltd.,503310,SWANCORP,Chemicals & Fertilizers,0.0,0.0,
Page Industries Ltd.,PAGEIND,PAGEIND,Textiles & Apparel,40586.1232787305,16234.45,
K.P.R. Mill Ltd.,KPRMILL,KPRMILL,Textiles & Apparel,27480.400232805,10992.16,
Trident Ltd.,TRIDENT,TRIDENT,Textiles & Apparel,20731.647450326498,8292.66,
Welspun Living Ltd.,WELSPUNLIV,WELSPUNLIV,Textiles & Apparel,14385.6999844565,5754.28,
Alok Industries Ltd.,ALOKINDS,ALOKINDS,Textiles & Apparel,14151.788720393,5660.72,
Vardhman Textiles Ltd.,VTL,VTL,Textiles & Apparel,12682.969818219499,5073.19,
Arvind Ltd.,ARVIND,ARVIND,Textiles & Apparel,8208.386070596,3283.35,
Garware Technical Fibres Ltd.,GARFIBRES,GARFIBRES,Textiles & Apparel,7062.959900509501,2825.18,
Jindal Worldwide Ltd.,JINDWORLD,JINDWORLD,Textiles & Apparel,6768.113176049001,2707.25,
Indo Count Industries Ltd.,ICIL,ICIL,Textiles & Apparel,6643.270644432,2657.31,
Gokaldas Exports Ltd.,GOKEX,GOKEX,Textiles & Apparel,5391.6106072505,2156.64,
Lux Industries Ltd.,LUXIND,LUXIND,Textiles & Apparel,3919.556303784,1567.82,
Pearl Global Industries Ltd.,PGIL,PGIL,Textiles & Apparel,2695.9542674040003,1078.38,
Ganesha Ecosphere Ltd.,GANECOS,GANECOS,Textiles & Apparel,2615.255402886,1046.1,
Kitex Garments Ltd.,KITEX,KITEX,Textiles & Apparel,1453.7233536585,581.49,
Raymond Lifestyle Ltd.,544240,RAYMONDLSL,Textiles & Apparel,0.0,0.0,
NTPC Ltd.,NTPC,NTPC,Power Generation,332600.9008917805,133040.36,
Adani Green Energy Ltd.,ADANIGREEN,ADANIGREEN,Power Generation,287301.301119451,114920.52,
Power Grid Corporation of India Ltd.,POWERGRID,POWERGRID,Power Generation,265104.404097148,106041.76,
Adani Power Ltd.,ADANIPOWER,ADANIPOWER,Power Generation,233359.540641503,93343.82,
Tata Power Co. Ltd.,TATAPOWER,TATAPOWER,Power Generation,128992.80427176852,51597.12,
Adani Energy Solutions Ltd.,ADANIENSOL,ADANIENSOL,Power Generation,118282.83754859399,47313.14,
JSW Energy Ltd.,JSWENERGY,JSWENERGY,Power Generation,93268.41058606401,37307.36,
NHPC Ltd.,NHPC,NHPC,Power Generation,91551.29527503249,36620.52,
Torrent Power Ltd.,TORNTPOWER,TORNTPOWER,Power Generation,62106.4560709805,24842.58,
SJVN Ltd.,SJVN,SJVN,Power Generation,49000.413431017994,19600.17,
NLC India Ltd.,NLCINDIA,NLCINDIA,Power Generation,32265.7278029295,12906.29,
CESC Ltd.,CESC,CESC,Power Generation,18258.303672297,7303.32,
Jaiprakash Power Ventures Ltd.,JPPOWER,JPPOWER,Power Generation,12493.599296134,4997.44,
Reliance Power Ltd.,RPOWER,RPOWER,Power Generation,10537.018571491,4214.81,
KPI Green Energy Ltd.,KPIGREEN,KPIGREEN,Power Generation,9548.076705051499,3819.23,
Reliance Infrastructure Ltd.,RELINFRA,RELINFRA,Power Generation,8396.0816531695,3358.43,
Nava Ltd.,NAVA,NAVA,Power Generation,7806.6043980225,3122.64,
RattanIndia Power Ltd.,RTNPOWER,RTNPOWER,Power Generation,6272.259303006,2508.9,
PTC India Ltd.,PTC,PTC,Power Generation,6141.641114607501,2456.66,
Inox Green Energy Services Ltd.,INOXGREEN,INOXGREEN,Power Generation,3948.1768209755,1579.27,
GMR Power and Urban Infra Ltd.,GMRP&UI,GMRP&UI,Power Generation,3565.4986066214997,1426.2,
ACME Solar Holdings Ltd.,544283,ACMESOLAR,Power Generation,0.0,0.0,
NTPC Green Energy Ltd.,544289,NTPCGREEN,Power Generation,0.0,0.0,
Reliance Industries Ltd.,RELIANCE,RELIANCE,Oil & Gas,1947848.37102945,779139.35,
Oil & Natural Gas Corporation Ltd.,ONGC,ONGC,Oil & Gas,331117.6047195915,132447.04,
Coal India Ltd.,COALINDIA,COALINDIA,Oil & Gas,273683.49223739095,109473.4,
Indian Oil Corporation Ltd.,IOC,IOC,Oil & Gas,231478.4176392645,92591.37,
Bharat Petroleum Corporation Ltd.,BPCL,BPCL,Oil & Gas,127082.6755689765,50833.07,
GAIL (India) Ltd.,GAIL,GAIL,Oil & Gas,124430.80664644449,49772.32,
Adani Total Gas Ltd.,ATGL,ATGL,Oil & Gas,107112.8660521495,42845.15,
Hindustan Petroleum Corporation Ltd.,HINDPETRO,HINDPETRO,Oil & Gas,70340.0768072085,28136.03,
Oil India Ltd.,OIL,OIL,Oil & Gas,61802.0006958815,24720.8,
Petronet LNG Ltd.,PETRONET,PETRONET,Oil & Gas,42441.4341716735,16976.57,
Gujarat Gas Ltd.,GUJGASLTD,GUJGASLTD,Oil & Gas,38506.4351874925,15402.57,
Mangalore Refinery & Petrochemicals Ltd.,MRPL,MRPL,Oil & Gas,36764.481367443004,14705.79,
Indraprastha Gas Ltd.,IGL,IGL,Oil & Gas,31072.180356097502,12428.87,
Castrol India Ltd.,CASTROLIND,CASTROLIND,Oil & Gas,19543.4234276775,7817.37,
Gujarat State Petronet Ltd.,GSPL,GSPL,Oil & Gas,18754.410955626998,7501.76,
Aegis Logistics Ltd.,AEGISLOG,AEGISLOG,Oil & Gas,18251.5071341465,7300.6,
Mahanagar Gas Ltd.,MGL,MGL,Oil & Gas,13688.141673029499,5475.26,
Chennai Petroleum Corporation Ltd.,CHENNPETRO,CHENNPETRO,Oil & Gas,13449.967147512001,5379.99,
Sandur Manganese & Iron Ores Ltd.,SANDUMA,SANDUMA,Oil & Gas,7760.89320127,3104.36,
Gulf Oil Lubricants India Ltd.,GULFOILLUB,GULFOILLUB,Oil & Gas,4594.38820297,1837.76,
Aegis Vopak Terminals Ltd.,544407,AEGISVOPAK,Oil & Gas,0.0,0.0,
Varun Beverages Ltd.,VBL,VBL,Agriculture & Food Processing,185148.43125901947,74059.37,
Patanjali Foods Ltd.,PATANJALI,PATANJALI,Agriculture & Food Processing,53991.7891896005,21596.72,
AWL Agri Business Ltd.,AWL,AWL,Agriculture & Food Processing,45448.9879817565,18179.6,
Bikaji Foods International Ltd.,BIKAJI,BIKAJI,Agriculture & Food Processing,14056.738657262,5622.7,
Shree Renuka Sugars Ltd.,RENUKA,RENUKA,Agriculture & Food Processing,9590.980645223499,3836.39,
LT Foods Ltd.,LTFOODS,LTFOODS,Agriculture & Food Processing,7152.3089588935,2860.92,
Mrs. Bectors Food Specialities Ltd.,BECTORFOOD,BECTORFOOD,Agriculture & Food Processing,6989.289038005,2795.72,
Dodla Dairy Ltd.,DODLA,DODLA,Agriculture & Food Processing,5546.687335918999,2218.67,
Heritage Foods Ltd.,HERITGFOOD,HERITGFOOD,Agriculture & Food Processing,3415.695364878,1366.28,
Maruti Suzuki India Ltd.,MARUTI,MARUTI,Automobiles & Auto Components,369377.1371020235,147750.85,
Mahindra & Mahindra Ltd.,M&M,M&M,Automobiles & Auto Components,259332.67760608898,103733.07,
Bajaj Auto Ltd.,BAJAJ-AUTO,BAJAJ-AUTO,Automobiles & Auto Components,240622.20553986297,96248.88,
Eicher Motors Ltd.,EICHERMOT,EICHERMOT,Automobiles & Auto Components,115281.099219479,46112.44,
TVS Motor Company Ltd.,TVSMOTOR,TVSMOTOR,Automobiles & Auto Components,101275.5698570445,40510.23,
Hero MotoCorp Ltd.,HEROMOTOCO,HEROMOTOCO,Automobiles & Auto Components,94909.8344495865,37963.93,
Samvardhana Motherson International Ltd.,MOTHERSON,MOTHERSON,Automobiles & Auto Components,86734.436512444,34693.77,
Bosch Ltd.,BOSCHLTD,BOSCHLTD,Automobiles & Auto Components,84325.0981525725,33730.04,
Tube Investments of India Ltd.,TIINDIA,TIINDIA,Automobiles & Auto Components,72746.3071165865,29098.52,
Bharat Forge Ltd.,BHARATFORG,BHARATFORG,Automobiles & Auto Components,60884.525940669,24353.81,
MRF Ltd.,MRF,MRF,Automobiles & Auto Components,57066.67723903,22826.67,
Schaeffler India Ltd.,SCHAEFFLER,SCHAEFFLER,Automobiles & Auto Components,54732.2262442345,21892.89,
Balkrishna Industries Ltd.,BALKRISIND,BALKRISIND,Automobiles & Auto Components,49904.936966996,19961.97,
UNO Minda Ltd.,UNOMINDA,UNOMINDA,Automobiles & Auto Components,42818.118607665005,17127.25,
Sona BLW Precision Forgings Ltd.,SONACOMS,SONACOMS,Automobiles & Auto Components,37438.339359489,14975.34,
Exide Industries Ltd.,EXIDEIND,EXIDEIND,Automobiles & Auto Components,33779.3770325205,13511.75,
Apollo Tyres Ltd.,APOLLOTYRE,APOLLOTYRE,Automobiles & Auto Components,31306.685858525503,12522.67,
Motherson Sumi Wiring India Ltd.,MSUMI,MSUMI,Automobiles & Auto Components,30099.8108401975,12039.92,
ZF Commercial Vehicle Control Systems India Ltd.,ZFCVINDIA,ZFCVINDIA,Automobiles & Auto Components,28768.7841992,11507.51,
Endurance Technologies Ltd.,ENDURANCE,ENDURANCE,Automobiles & Auto Components,28618.877983929997,11447.55,
Sundram Fasteners Ltd.,SUNDRMFAST,SUNDRMFAST,Automobiles & Auto Components,24435.8435997205,9774.34,
JBM Auto Ltd.,JBMA,JBMA,Automobiles & Auto Components,22855.2778598365,9142.11,
CIE Automotive India Ltd.,CIEINDIA,CIEINDIA,Automobiles & Auto Components,18697.027522367,7478.81,
Amara Raja Energy & Mobility Ltd.,ARE&M,ARE&M,Automobiles & Auto Components,17575.8582869085,7030.34,
Olectra Greentech Ltd.,OLECTRA,OLECTRA,Automobiles & Auto Components,14578.309484984,5831.32,
Asahi India Glass Ltd.,ASAHIINDIA,ASAHIINDIA,Automobiles & Auto Components,13966.2691236015,5586.51,
Ramkrishna Forgings Ltd.,RKFORGE,RKFORGE,Automobiles & Auto Components,13297.569996401999,5319.03,
JK Tyre & Industries Ltd.,JKTYRE,JKTYRE,Automobiles & Auto Components,11367.723384913501,4547.09,
Ceat Ltd.,CEATLTD,CEATLTD,Automobiles & Auto Components,10430.6203215545,4172.25,
Minda Corporation Ltd.,MINDACORP,MINDACORP,Automobiles & Auto Components,9970.524232198,3988.21,
Force Motors Ltd.,FORCEMOT,FORCEMOT,Automobiles & Auto Components,9739.907028628,3895.96,
Craftsman Automation Ltd.,CRAFTSMAN,CRAFTSMAN,Automobiles & Auto Components,9422.107583605,3768.84,
Varroc Engineering Ltd.,VARROC,VARROC,Automobiles & Auto Components,8339.050172244,3335.62,
Shriram Pistons & Rings Ltd.,544344,SHRIPISTON,Automobiles & Auto Components,8063.0,3225.2,
ASK Automotive Ltd.,ASKAUTOLTD,ASKAUTOLTD,Automobiles & Auto Components,5954.1088352315,2381.64,
Sansera Engineering Ltd.,SANSERA,SANSERA,Automobiles & Auto Components,5596.7878325705005,2238.72,
Gabriel India Ltd.,GABRIEL,GABRIEL,Automobiles & Auto Components,5340.6247947715,2136.25,
Pricol Ltd.,PRICOLLTD,PRICOLLTD,Automobiles & Auto Components,5023.9851055785,2009.59,
Jamna Auto Industries Ltd.,JAMNAAUTO,JAMNAAUTO,Automobiles & Auto Components,4960.0303104915,1984.01,
Banco Products (India) Ltd.,BANCOINDIA,BANCOINDIA,Automobiles & Auto Components,4546.6898130945,1818.68,
Sharda Motor Industries Ltd.,SHARDAMOTR,SHARDAMOTR,Automobiles & Auto Components,4398.165881805,1759.27,
Lumax Auto Technologies Ltd.,LUMAXTECH,LUMAXTECH,Automobiles & Auto Components,3117.632337387,1247.05,
Fiem Industries Ltd,FIEMIND,FIEMIND,Automobiles & Auto Components,3090.7892930830003,1236.32,
Ather Energy Ltd.,544397,ATHERENERG,Automobiles & Auto Components,0.0,0.0,
Belrise Industries Ltd.,544405,BELRISE,Automobiles & Auto Components,0.0,0.0,
Hyundai Motor India Ltd.,544274,HYUNDAI,Automobiles & Auto Components,0.0,0.0,
Ola Electric Mobility Ltd.,544225,OLAELEC,Automobiles & Auto Components,0.0,0.0,
Tata Motors Passenger Vehicles Ltd.,500570,TMPV,Automobiles & Auto Components,0.0,0.0,
Sun Pharmaceutical Industries Ltd.,SUNPHARMA,SUNPHARMA,Pharmaceuticals,358830.1546076645,143532.06,
Cipla Ltd.,CIPLA,CIPLA,Pharmaceuticals,115378.97634712,46151.59,
Divi's Laboratories Ltd.,DIVISLAB,DIVISLAB,Pharmaceuticals,102932.95474691401,41173.18,
Dr. Reddy's Laboratories Ltd.,DRREDDY,DRREDDY,Pharmaceuticals,101145.5816865605,40458.23,
Zydus Lifesciences Ltd.,ZYDUSLIFE,ZYDUSLIFE,Pharmaceuticals,94276.304963462,37710.52,
Torrent Pharmaceuticals Ltd.,TORNTPHARM,TORNTPHARM,Pharmaceuticals,88721.070050361,35488.43,
Apollo Hospitals Enterprise Ltd.,APOLLOHOSP,APOLLOHOSP,Pharmaceuticals,88420.4581011975,35368.18,
Mankind Pharma Ltd.,MANKIND,MANKIND,Pharmaceuticals,87511.44485326699,35004.58,
Max Healthcare Institute Ltd.,MAXHEALTH,MAXHEALTH,Pharmaceuticals,78001.2712960385,31200.51,
Lupin Ltd.,LUPIN,LUPIN,Pharmaceuticals,71814.89639876201,28725.96,
Aurobindo Pharma Ltd.,AUROPHARMA,AUROPHARMA,Pharmaceuticals,65653.6028108465,26261.44,
Alkem Laboratories Ltd.,ALKEM,ALKEM,Pharmaceuticals,60424.7879990855,24169.92,
Glaxosmithkline Pharmaceuticals Ltd.,GLAXO,GLAXO,Pharmaceuticals,37373.793236538506,14949.52,
Biocon Ltd.,BIOCON,BIOCON,Pharmaceuticals,34713.613243902495,13885.45,
Global Health Ltd.,MEDANTA,MEDANTA,Pharmaceuticals,34044.047579379505,13617.62,
Fortis Healthcare Ltd.,FORTIS,FORTIS,Pharmaceuticals,33052.872856092,13221.15,
Ipca Laboratories Ltd.,IPCALAB,IPCALAB,Pharmaceuticals,30639.616790555,12255.85,
Gland Pharma Ltd.,GLAND,GLAND,Pharmaceuticals,30340.1426519445,12136.06,
Syngene International Ltd.,SYNGENE,SYNGENE,Pharmaceuticals,28408.150323812,11363.26,
Ajanta Pharmaceuticals Ltd.,AJANTPHARM,AJANTPHARM,Pharmaceuticals,28346.963619172,11338.79,
Glenmark Pharmaceuticals Ltd.,GLENMARK,GLENMARK,Pharmaceuticals,28149.4093621355,11259.76,
J.B. Chemicals & Pharmaceuticals Ltd.,JBCHEPHARM,JBCHEPHARM,Pharmaceuticals,26589.183422310998,10635.67,
Narayana Hrudayalaya Ltd.,NH,NH,Pharmaceuticals,25914.852958014002,10365.94,
Laurus Labs Ltd.,LAURUSLABS,LAURUSLABS,Pharmaceuticals,22603.070006724498,9041.23,
Aster DM Healthcare Ltd.,ASTERDM,ASTERDM,Pharmaceuticals,20489.9874374485,8195.99,
Dr. Lal Path Labs Ltd.,LALPATHLAB,LALPATHLAB,Pharmaceuticals,20353.491501218,8141.4,
Pfizer Ltd.,PFIZER,PFIZER,Pharmaceuticals,20283.955542357,8113.58,
Alembic Pharmaceuticals Ltd.,APLLTD,APLLTD,Pharmaceuticals,18690.6247059735,7476.25,
Piramal Pharma Ltd.,PPLPHARMA,PPLPHARMA,Pharmaceuticals,18644.451901357497,7457.78,
NATCO Pharma Ltd.,NATCOPHARM,NATCOPHARM,Pharmaceuticals,17649.240639931,7059.7,
Larsen & Toubro Ltd.,LT,LT,Real Estate & Construction,487634.01314880094,195053.61,
DLF Ltd.,DLF,DLF,Real Estate & Construction,209238.920105397,83695.57,
Lodha Developers Ltd.,LODHA,LODHA,Real Estate & Construction,118221.4105710465,47288.56,
Godrej Properties Ltd.,GODREJPROP,GODREJPROP,Real Estate & Construction,70284.1110107815,28113.64,
Rail Vikas Nigam Ltd.,RVNL,RVNL,Real Estate & Construction,59582.411275555,23832.96,
Oberoi Realty Ltd.,OBEROIRLTY,OBEROIRLTY,Real Estate & Construction,55556.587582816,22222.64,
Prestige Estates Projects Ltd.,PRESTIGE,PRESTIGE,Real Estate & Construction,55213.5539484395,22085.42,
Phoenix Mills Ltd.,PHOENIXLTD,PHOENIXLTD,Real Estate & Construction,51690.042356124,20676.02,
IRB Infrastructure Developers Ltd.,IRB,IRB,Real Estate & Construction,37737.5208414635,15095.01,
Brigade Enterprises Ltd.,BRIGADE,BRIGADE,Real Estate & Construction,24440.743071639998,9776.3,
NBCC (India) Ltd.,NBCC,NBCC,Real Estate & Construction,23446.8975609755,9378.76,
IRCON International Ltd.,IRCON,IRCON,Real Estate & Construction,22039.3462130355,8815.74,
Kec International Ltd.,KEC,KEC,Real Estate & Construction,18428.477615101998,7371.39,
Signatureglobal (India) Ltd.,SIGNATURE,SIGNATURE,Real Estate & Construction,17774.875891443502,7109.95,
Kalpataru Projects International Ltd.,KPIL,KPIL,Real Estate & Construction,16851.1617207155,6740.46,
RITES Ltd.,RITES,RITES,Real Estate & Construction,16236.894116538,6494.76,
NCC Ltd.,NCC,NCC,Real Estate & Construction,15574.943874327,6229.98,
Sobha Ltd.,SOBHA,SOBHA,Real Estate & Construction,15344.1702212745,6137.67,
Sterling and Wilson Renewable Energy Ltd.,SWSOLAR,SWSOLAR,Real Estate & Construction,14178.945950661,5671.58,
G R Infraprojects Ltd.,GRINFRA,GRINFRA,Real Estate & Construction,13085.808275291001,5234.32,
Engineers India Ltd.,ENGINERSIN,ENGINERSIN,Real Estate & Construction,12772.7952126955,5109.12,
Anant Raj Ltd.,ANANTRAJ,ANANTRAJ,Real Estate & Construction,11891.5730773395,4756.63,
PNC Infratech Ltd.,PNCINFRA,PNCINFRA,Real Estate & Construction,11267.9957791865,4507.2,
Techno Electric & Engineering Company Ltd.,TECHNOE,TECHNOE,Real Estate & Construction,10257.8351626015,4103.13,
Mahindra Lifespace Developers Ltd.,MAHLIFE,MAHLIFE,Real Estate & Construction,9188.120934433999,3675.25,
Avenue Supermarts Ltd.,DMART,DMART,Hospitality & Tourism,278029.0856907845,111211.63,
Trent Ltd.,TRENT,TRENT,Hospitality & Tourism,145215.8384863385,58086.34,
Indian Hotels Co. Ltd.,INDHOTEL,INDHOTEL,Hospitality & Tourism,79115.8546179805,31646.34,
Indian Railway Catering And Tourism Corporation Ltd.,IRCTC,IRCTC,Hospitality & Tourism,78372.544715447,31349.02,
Info Edge (India) Ltd.,NAUKRI,NAUKRI,Hospitality & Tourism,72880.225285756,29152.09,
FSN E-Commerce Ventures Ltd.,NYKAA,NYKAA,Hospitality & Tourism,47507.370283192,19002.95,
Jubilant Foodworks Ltd.,JUBLFOOD,JUBLFOOD,Hospitality & Tourism,32255.3044488295,12902.12,
EIH Ltd.,EIHOTEL,EIHOTEL,Hospitality & Tourism,25653.185668163,10261.27,
Vedant Fashions Ltd.,MANYAVAR,MANYAVAR,Hospitality & Tourism,24850.286204063,9940.11,
Aditya Birla Fashion and Retail Ltd.,ABFRL,ABFRL,Hospitality & Tourism,24634.322608551,9853.73,
Devyani International Ltd.,DEVYANI,DEVYANI,Hospitality & Tourism,19810.9287462515,7924.37,
Chalet Hotels Ltd.,CHALET,CHALET,Hospitality & Tourism,16826.507488069,6730.6,
TBO Tek Ltd.,TBOTEK,TBOTEK,Hospitality & Tourism,16652.8259155625,6661.13,
Indiamart Intermesh Ltd.,INDIAMART,INDIAMART,Hospitality & Tourism,15753.6378429965,6301.46,
BLS International Services Ltd.,BLS,BLS,Hospitality & Tourism,14363.349948055644,5745.34,
Hindustan Unilever Ltd.,HINDUNILVR,HINDUNILVR,Retail & Consumer Goods,562159.9985382624,224864.0,
ITC Ltd.,ITC,ITC,Retail & Consumer Goods,538703.5697368791,215481.43,
Titan Company Ltd.,TITAN,TITAN,Retail & Consumer Goods,317580.07400088303,127032.03,
Asian Paints Ltd.,ASIANPAINT,ASIANPAINT,Retail & Consumer Goods,282148.73631218146,112859.49,
Nestle India Ltd.,NESTLEIND,NESTLEIND,Retail & Consumer Goods,243573.967446209,97429.59,
Godrej Consumer Products Ltd.,GODREJCP,GODREJCP,Retail & Consumer Goods,127832.32005939301,51132.93,
Britannia Industries Ltd.,BRITANNIA,BRITANNIA,Retail & Consumer Goods,121855.6301540955,48742.25,
Tata Consumer Products Ltd.,TATACONSUM,TATACONSUM,Retail & Consumer Goods,107325.2280368435,42930.09,
Havells India Ltd.,HAVELLS,HAVELLS,Retail & Consumer Goods,98517.87251873099,39407.15,
Dabur India Ltd.,DABUR,DABUR,Retail & Consumer Goods,96597.6533945345,38639.06,
United Spirits Ltd.,UNITDSPR,UNITDSPR,Retail & Consumer Goods,84451.6283153265,33780.65,
Colgate Palmolive (India) Ltd.,COLPAL,COLPAL,Retail & Consumer Goods,72468.339578615,28987.34,
Marico Ltd.,MARICO,MARICO,Retail & Consumer Goods,70778.2160014685,28311.29,
Berger Paints India Ltd.,BERGEPAINT,BERGEPAINT,Retail & Consumer Goods,62907.289514702,25162.92,
Procter & Gamble Hygiene & Health Care Ltd.,PGHH,PGHH,Retail & Consumer Goods,53181.658494953,21272.66,
United Breweries Ltd.,UBL,UBL,Retail & Consumer Goods,49062.226156211,19624.89,
Dixon Technologies (India) Ltd.,DIXON,DIXON,Retail & Consumer Goods,46762.206976735004,18704.88,
Kalyan Jewellers India Ltd.,KALYANKJIL,KALYANKJIL,Retail & Consumer Goods,40613.4508496285,16245.38,
Voltas Ltd.,VOLTAS,VOLTAS,Retail & Consumer Goods,40294.803064807,16117.92,
Blue Star Ltd.,BLUESTARCO,BLUESTARCO,Retail & Consumer Goods,27564.190254376503,11025.68,
Kansai Nerolac Paints Ltd.,KANSAINER,KANSAINER,Retail & Consumer Goods,23735.054440216,9494.02,
Emami Ltd.,EMAMILTD,EMAMILTD,Retail & Consumer Goods,22860.269367152498,9144.11,
Radico Khaitan Ltd,RADICO,RADICO,Retail & Consumer Goods,22415.169004347,8966.07,
Gillette India Ltd.,GILLETTE,GILLETTE,Retail & Consumer Goods,22082.535145361,8833.01,
Crompton Greaves Consumer Electricals Ltd.,CROMPTON,CROMPTON,Retail & Consumer Goods,20909.19032276,8363.68,
Bharti Airtel Ltd.,BHARTIARTL,BHARTIARTL,Telecom Infrastructure,730310.2342570175,292124.09,
Vodafone Idea Ltd.,IDEA,IDEA,Telecom Infrastructure,78513.01673621699,31405.21,
Indus Towers Ltd.,INDUSTOWER,INDUSTOWER,Telecom Infrastructure,77059.6363330195,30823.85,
Tata Communications Ltd.,TATACOMM,TATACOMM,Telecom Infrastructure,51994.469817073,20797.79,
Bharti Hexacom Ltd.,BHARTIHEXA,BHARTIHEXA,Telecom Infrastructure,49616.25,19846.5,
