Variant_Name,Master_Company_Name,Match_Score,Match_Type,Confidence,Status,Sources,Date_Created
360 ONE WAM LIMITED,360 ONE WAM LIMITED,100,CANONICAL,HIGH,CANONICAL,MASTER_DB,2026-01-14
3M INDIA LIMITED,3M INDIA LIMITED,100,CANONICAL,HIGH,CANONICAL,MASTER_DB,2026-01-14
ACC Limited,ACC Limited,100,CANONICAL,HIGH,CANONICAL,MASTER_DB,2026-01-14
ADANI POWER LIMITED,ADANI POWER LIMITED,100,CANONICAL,HIGH,CANONICAL,MASTER_DB,2026-01-14
AIA ENGINEERING LIMITED,AIA ENGINEERING LIMITED,100,CANONICAL,HIGH,CANONICAL,MASTER_DB,2026-01-14
ALEMBIC PHARMACEUTICALS LIMITED,ALEMBIC PHARMACEUTICALS LIMITED,100,CANONICAL,HIGH,CANONICAL,MASTER_DB,2026-01-14
ALKYL AMINES CHEMICALS LIMITED,ALKYL AMINES CHEMICALS LIMITED,100,CANONICAL,HIGH,CANONICAL,MASTER_DB,2026-01-14
ALOK INDUSTRIES LIMITED,ALOK INDUSTRIES LIMITED,100,CANONICAL,HIGH,CANONICAL,MASTER_DB,2026-01-14
APAR Industries Limited,APAR Industries Limited,100,CANONICAL,HIGH,CANONICAL,MASTER_DB,2026-01-14
Ballarpur Industries (BILT),APAR Industries Limited,68,FUZZY,VERY_LOW,MANUAL_REVIEW,SCOPE3,2026-01-14
APL Apollo Tubes,APL Apollo Tubes,100,CANONICAL,HIGH,CANONICAL,MASTER_DB,2026-01-14
Tayo Rolls,APL Apollo Tubes,46,FUZZY,VERY_LOW,MANUAL_REVIEW,SCOPE3,2026-01-14
APL Apollo Tubes Limited,APL Apollo Tubes Limited,100,CANONICAL,HIGH,CANONICAL,MASTER_DB,2026-01-14
ARVIND LIMITED,ARVIND LIMITED,100,CANONICAL,HIGH,CANONICAL,MASTER_DB,2026-01-14
Arvind Limited,ARVIND LIMITED,100,EXACT,HIGH,AUTO,SCOPE3,2026-01-14
Mukand Limited,ARVIND LIMITED,79,FUZZY,LOW,REVIEW_NEEDED,ALL_SOURCES,2026-01-14
AU Small Finance Bank Limited,AU Small Finance Bank Limited,100,CANONICAL,HIGH,CANONICAL,MASTER_DB,2026-01-14
Alliance Air,AU Small Finance Bank Limited,54,FUZZY,VERY_LOW,MANUAL_REVIEW,SCOPE3,2026-01-14
AUROBINDO PHARMA LIMITED,AUROBINDO PHARMA LIMITED,100,CANONICAL,HIGH,CANONICAL,MASTER_DB,2026-01-14
Aarti Industries Limited,Aarti Industries Limited,100,CANONICAL,HIGH,CANONICAL,MASTER_DB,2026-01-14
Aavas Financiers Limited,Aavas Financiers Limited,100,CANONICAL,HIGH,CANONICAL,MASTER_DB,2026-01-14
"Adani Airports (Mumbai, Ahmedabad, 6 others)","Adani Airports (Mumbai, Ahmedabad, 6 others)",100,CANONICAL,HIGH,CANONICAL,MASTER_DB,2026-01-14
Adani Energy Solutions Limited,Adani Energy Solutions Limited,100,CANONICAL,HIGH,CANONICAL,MASTER_DB,2026-01-14
Adani Enterprises Limited,Adani Enterprises Limited,100,CANONICAL,HIGH,CANONICAL,MASTER_DB,2026-01-14
Adani Ports and Special Economic Zone Limited,Adani Ports and Special Economic Zone Limited,100,CANONICAL,HIGH,CANONICAL,MASTER_DB,2026-01-14
Adani Total Gas Limited,Adani Total Gas Limited,100,CANONICAL,HIGH,CANONICAL,MASTER_DB,2026-01-14
Aditya Birla Capital Limited,Aditya Birla Capital Limited,100,CANONICAL,HIGH,CANONICAL,MASTER_DB,2026-01-14
"Aditya Birla Fashion (Allen Solly, Peter England)",Aditya Birla Capital Limited,55,FUZZY,VERY_LOW,MANUAL_REVIEW,SCOPE3,2026-01-14
Aditya Birla Fashion and Retail Limited,Aditya Birla Fashion and Retail Limited,100,CANONICAL,HIGH,CANONICAL,MASTER_DB,2026-01-14
Aditya Birla Sun Life AMC Limited,Aditya Birla Sun Life AMC Limited,100,CANONICAL,HIGH,CANONICAL,MASTER_DB,2026-01-14
Aegis Logistics Limited,Aegis Logistics Limited,100,CANONICAL,HIGH,CANONICAL,MASTER_DB,2026-01-14
Aether Industries Limited,Aether Industries Limited,100,CANONICAL,HIGH,CANONICAL,MASTER_DB,2026-01-14
Ajanta Pharma Limited,Ajanta Pharma Limited,100,CANONICAL,HIGH,CANONICAL,MASTER_DB,2026-01-14
Akzo Nobel India Limited,Akzo Nobel India Limited,100,CANONICAL,HIGH,CANONICAL,MASTER_DB,2026-01-14
Alkem Laboratories Limited,Alkem Laboratories Limited,100,CANONICAL,HIGH,CANONICAL,MASTER_DB,2026-01-14
Amara Raja Energy  Mobility Limited,Amara Raja Energy  Mobility Limited,100,CANONICAL,HIGH,CANONICAL,MASTER_DB,2026-01-14
Amara Raja Energy & Mobility Limited,Amara Raja Energy  Mobility Limited,99,FUZZY,HIGH,AUTO,ALL_SOURCES|SCOPE3,2026-01-14
Amber Enterprises India Limited,Amber Enterprises India Limited,100,CANONICAL,HIGH,CANONICAL,MASTER_DB,2026-01-14
Ambuja Cements Limited,Ambuja Cements Limited,100,CANONICAL,HIGH,CANONICAL,MASTER_DB,2026-01-14
Mukand,Ambuja Cements Limited,36,FUZZY,VERY_LOW,MANUAL_REVIEW,SCOPE3,2026-01-14
Anand Rathi Wealth Limited,Anand Rathi Wealth Limited,100,CANONICAL,HIGH,CANONICAL,MASTER_DB,2026-01-14
Anant Raj Limited,Anant Raj Limited,100,CANONICAL,HIGH,CANONICAL,MASTER_DB,2026-01-14
Andhra Paper Limited (formerly Andhra Pradesh Paper Mills),Andhra Paper Limited (formerly Andhra Pradesh Paper Mills),100,CANONICAL,HIGH,CANONICAL,MASTER_DB,2026-01-14
Andhra Pradesh Paper Mills,Andhra Paper Limited (formerly Andhra Pradesh Paper Mills),62,FUZZY,VERY_LOW,MANUAL_REVIEW,SCOPE3,2026-01-14
Anupam Rasayan India Limited,Anupam Rasayan India Limited,100,CANONICAL,HIGH,CANONICAL,MASTER_DB,2026-01-14
Apollo Tyres Limited,Apollo Tyres Limited,100,CANONICAL,HIGH,CANONICAL,MASTER_DB,2026-01-14
Aptus Value Housing Finance India Limited,Aptus Value Housing Finance India Limited,100,CANONICAL,HIGH,CANONICAL,MASTER_DB,2026-01-14
Asahi India Glass Limited,Asahi India Glass Limited,100,CANONICAL,HIGH,CANONICAL,MASTER_DB,2026-01-14
Ashok Leyland Limited,Ashok Leyland Limited,100,CANONICAL,HIGH,CANONICAL,MASTER_DB,2026-01-14
Asian Paints Limited,Asian Paints Limited,100,CANONICAL,HIGH,CANONICAL,MASTER_DB,2026-01-14
Kansai Nerolac Paints Limited,Asian Paints Limited,69,FUZZY,VERY_LOW,MANUAL_REVIEW,XBRL|BRSR_REVENUE|REVENUE_INT|SCOPE3,2026-01-14
Aster DM Healthcare Limited,Aster DM Healthcare Limited,100,CANONICAL,HIGH,CANONICAL,MASTER_DB,2026-01-14
AstraZeneca Pharma India Limited,AstraZeneca Pharma India Limited,100,CANONICAL,HIGH,CANONICAL,MASTER_DB,2026-01-14
Astral Limited,Astral Limited,100,CANONICAL,HIGH,CANONICAL,MASTER_DB,2026-01-14
Atul Limited,Atul Limited,100,CANONICAL,HIGH,CANONICAL,MASTER_DB,2026-01-14
Amul (GCMMF),Atul Limited,42,FUZZY,VERY_LOW,MANUAL_REVIEW,ALL_SOURCES|SCOPE3,2026-01-14
Avenue Supermarts Limited,Avenue Supermarts Limited,100,CANONICAL,HIGH,CANONICAL,MASTER_DB,2026-01-14
Axis Bank Limited,Axis Bank Limited,100,CANONICAL,HIGH,CANONICAL,MASTER_DB,2026-01-14
BAJAJ ELECTRICALS LIMITED,BAJAJ ELECTRICALS LIMITED,100,CANONICAL,HIGH,CANONICAL,MASTER_DB,2026-01-14
BANK OF INDIA,BANK OF INDIA,100,CANONICAL,HIGH,CANONICAL,MASTER_DB,2026-01-14
Central Bank of India,BANK OF INDIA,76,FUZZY,LOW,REVIEW_NEEDED,XBRL|BRSR_REVENUE|REVENUE_INT|SCOPE3,2026-01-14
Bank of Baroda,BANK OF INDIA,67,FUZZY,VERY_LOW,MANUAL_REVIEW,BRSR_REVENUE|SCOPE3,2026-01-14
Air India,BANK OF INDIA,64,FUZZY,VERY_LOW,MANUAL_REVIEW,ALL_SOURCES|SCOPE3,2026-01-14
Air Asia India,BANK OF INDIA,59,FUZZY,VERY_LOW,MANUAL_REVIEW,SCOPE3,2026-01-14
Bombay Dyeing,BANK OF INDIA,38,FUZZY,VERY_LOW,MANUAL_REVIEW,SCOPE3,2026-01-14
BANK OF MAHARASHTRA,BANK OF MAHARASHTRA,100,CANONICAL,HIGH,CANONICAL,MASTER_DB,2026-01-14
BASF India Limited,BASF India Limited,100,CANONICAL,HIGH,CANONICAL,MASTER_DB,2026-01-14
Havells India Limited,BASF India Limited,82,FUZZY,LOW,REVIEW_NEEDED,BRSR_REVENUE|SCOPE3,2026-01-14
BATA INDIA LIMITED,BATA INDIA LIMITED,100,CANONICAL,HIGH,CANONICAL,MASTER_DB,2026-01-14
BEML Limited,BEML Limited,100,CANONICAL,HIGH,CANONICAL,MASTER_DB,2026-01-14
BHARAT ELECTRONICS LIMITED,BHARAT ELECTRONICS LIMITED,100,CANONICAL,HIGH,CANONICAL,MASTER_DB,2026-01-14
BHARAT HEAVY ELECTRICALS LIMITED,BHARAT HEAVY ELECTRICALS LIMITED,100,CANONICAL,HIGH,CANONICAL,MASTER_DB,2026-01-14
BLS International Services Limited,BLS International Services Limited,100,CANONICAL,HIGH,CANONICAL,MASTER_DB,2026-01-14
Bajaj Auto Limited,Bajaj Auto Limited,100,CANONICAL,HIGH,CANONICAL,MASTER_DB,2026-01-14
Bajaj Finance Limited,Bajaj Finance Limited,100,CANONICAL,HIGH,CANONICAL,MASTER_DB,2026-01-14
Bajaj Finserv Limited,Bajaj Finserv Limited,100,CANONICAL,HIGH,CANONICAL,MASTER_DB,2026-01-14
Bajaj Holdings  Investment Limited,Bajaj Holdings  Investment Limited,100,CANONICAL,HIGH,CANONICAL,MASTER_DB,2026-01-14
Bajaj Holdings & Investment Limited,Bajaj Holdings  Investment Limited,99,FUZZY,HIGH,AUTO,ALL_SOURCES|SCOPE3,2026-01-14
Balkrishna Industries Limited,Balkrishna Industries Limited,100,CANONICAL,HIGH,CANONICAL,MASTER_DB,2026-01-14
Balrampur Chini Mills Limited,Balrampur Chini Mills Limited,100,CANONICAL,HIGH,CANONICAL,MASTER_DB,2026-01-14
Siyaram Silk Mills,Balrampur Chini Mills Limited,51,FUZZY,VERY_LOW,MANUAL_REVIEW,ALL_SOURCES|SCOPE3,2026-01-14
Bandhan Bank Limited,Bandhan Bank Limited,100,CANONICAL,HIGH,CANONICAL,MASTER_DB,2026-01-14
Bangalore International Airport Ltd (BIAL),Bangalore International Airport Ltd (BIAL),100,CANONICAL,HIGH,CANONICAL,MASTER_DB,2026-01-14
Delhi International Airport Ltd (DIAL),Bangalore International Airport Ltd (BIAL),82,FUZZY,LOW,REVIEW_NEEDED,SCOPE3,2026-01-14
Bharat Dynamics Limited,Bharat Dynamics Limited,100,CANONICAL,HIGH,CANONICAL,MASTER_DB,2026-01-14
Bharat Forge Limited,Bharat Forge Limited,100,CANONICAL,HIGH,CANONICAL,MASTER_DB,2026-01-14
Bharat Heavy Electricals Limited (BHEL),Bharat Heavy Electricals Limited (BHEL),100,CANONICAL,HIGH,CANONICAL,MASTER_DB,2026-01-14
Bharti Airtel Limited,Bharti Airtel Limited,100,CANONICAL,HIGH,CANONICAL,MASTER_DB,2026-01-14
Bharti Hexacom Limited,Bharti Hexacom Limited,100,CANONICAL,HIGH,CANONICAL,MASTER_DB,2026-01-14
Bikaji Foods,Bikaji Foods,100,CANONICAL,HIGH,CANONICAL,MASTER_DB,2026-01-14
Bikaji Foods International Limited,Bikaji Foods International Limited,100,CANONICAL,HIGH,CANONICAL,MASTER_DB,2026-01-14
Biocon Limited,Biocon Limited,100,CANONICAL,HIGH,CANONICAL,MASTER_DB,2026-01-14
Birla Corporation Limited,Birla Corporation Limited,100,CANONICAL,HIGH,CANONICAL,MASTER_DB,2026-01-14
Birla Corporation,Birla Corporation Limited,99,NORMALIZED,HIGH,AUTO,ALL_SOURCES|SCOPE3,2026-01-14
Birlasoft Limited,Birlasoft Limited,100,CANONICAL,HIGH,CANONICAL,MASTER_DB,2026-01-14
Blue Dart Express Limited,Blue Dart Express Limited,100,CANONICAL,HIGH,CANONICAL,MASTER_DB,2026-01-14
Blue Star Limited,Blue Star Limited,100,CANONICAL,HIGH,CANONICAL,MASTER_DB,2026-01-14
Bosch limited,Bosch limited,100,CANONICAL,HIGH,CANONICAL,MASTER_DB,2026-01-14
Brigade Enterprises Limited,Brigade Enterprises Limited,100,CANONICAL,HIGH,CANONICAL,MASTER_DB,2026-01-14
Britannia Industries Limited,Britannia Industries Limited,100,CANONICAL,HIGH,CANONICAL,MASTER_DB,2026-01-14
Britannia Industries,Britannia Industries Limited,99,NORMALIZED,HIGH,AUTO,ALL_SOURCES|SCOPE3,2026-01-14
CCL Products (India) Limited,CCL Products (India) Limited,100,CANONICAL,HIGH,CANONICAL,MASTER_DB,2026-01-14
CCL Products India Limited,CCL Products India Limited,100,CANONICAL,HIGH,CANONICAL,MASTER_DB,2026-01-14
Parle Products,CCL Products India Limited,50,FUZZY,VERY_LOW,MANUAL_REVIEW,SCOPE3,2026-01-14
CE INFO SYSTEMS LIMITED,CE INFO SYSTEMS LIMITED,100,CANONICAL,HIGH,CANONICAL,MASTER_DB,2026-01-14
C.E. INFO SYSTEMS LIMITED,CE INFO SYSTEMS LIMITED,96,FUZZY,HIGH,AUTO,SCOPE3,2026-01-14
CEAT Limited,CEAT Limited,100,CANONICAL,HIGH,CANONICAL,MASTER_DB,2026-01-14
CERA Sanitaryware Limited,CERA Sanitaryware Limited,100,CANONICAL,HIGH,CANONICAL,MASTER_DB,2026-01-14
CESC Limited,CESC Limited,100,CANONICAL,HIGH,CANONICAL,MASTER_DB,2026-01-14
CG Power and Industrial Solutions Limited,CG Power and Industrial Solutions Limited,100,CANONICAL,HIGH,CANONICAL,MASTER_DB,2026-01-14
CHENNAI PETROLEUM CORPORATION LIMITED,CHENNAI PETROLEUM CORPORATION LIMITED,100,CANONICAL,HIGH,CANONICAL,MASTER_DB,2026-01-14
CITY UNION BANK LIMITED,CITY UNION BANK LIMITED,100,CANONICAL,HIGH,CANONICAL,MASTER_DB,2026-01-14
COAL INDIA LIMITED,COAL INDIA LIMITED,100,CANONICAL,HIGH,CANONICAL,MASTER_DB,2026-01-14
Coal India Limited,COAL INDIA LIMITED,100,EXACT,HIGH,AUTO,SCOPE3,2026-01-14
Castrol India Limited,COAL INDIA LIMITED,87,FUZZY,MEDIUM,AUTO,BRSR_REVENUE|ALL_SOURCES|SCOPE3,2026-01-14
Coca-Cola India,COAL INDIA LIMITED,61,FUZZY,VERY_LOW,MANUAL_REVIEW,SCOPE3,2026-01-14
Haldiram,COAL INDIA LIMITED,46,FUZZY,VERY_LOW,MANUAL_REVIEW,SCOPE3,2026-01-14
COROMANDEL INTERNATIONAL LIMITED,COROMANDEL INTERNATIONAL LIMITED,100,CANONICAL,HIGH,CANONICAL,MASTER_DB,2026-01-14
Campus Activewear Limited,Campus Activewear Limited,100,CANONICAL,HIGH,CANONICAL,MASTER_DB,2026-01-14
Can Fin Homes Limited,Can Fin Homes Limited,100,CANONICAL,HIGH,CANONICAL,MASTER_DB,2026-01-14
Canara Bank,Canara Bank,100,CANONICAL,HIGH,CANONICAL,MASTER_DB,2026-01-14
UCO BANK,Canara Bank,63,FUZZY,VERY_LOW,MANUAL_REVIEW,BRSR_REVENUE|ALL_SOURCES|SCOPE3,2026-01-14
Akasa Air,Canara Bank,50,FUZZY,VERY_LOW,MANUAL_REVIEW,ALL_SOURCES|SCOPE3,2026-01-14
Caplin Point Laboratories Limited,Caplin Point Laboratories Limited,100,CANONICAL,HIGH,CANONICAL,MASTER_DB,2026-01-14
Capri Global Capital Limited,Capri Global Capital Limited,100,CANONICAL,HIGH,CANONICAL,MASTER_DB,2026-01-14
Carborundum Universal Limited,Carborundum Universal Limited,100,CANONICAL,HIGH,CANONICAL,MASTER_DB,2026-01-14
Cello World Limited,Cello World Limited,100,CANONICAL,HIGH,CANONICAL,MASTER_DB,2026-01-14
Westlife Foodworld Limited,Cello World Limited,71,FUZZY,LOW,REVIEW_NEEDED,BRSR_REVENUE|SCOPE3,2026-01-14
Century Plyboards India Limited,Century Plyboards India Limited,100,CANONICAL,HIGH,CANONICAL,MASTER_DB,2026-01-14
Century Plyboards (India) Limited,Century Plyboards India Limited,97,FUZZY,HIGH,AUTO,ALL_SOURCES|SCOPE3,2026-01-14
Century Pulp and Paper,Century Plyboards India Limited,57,FUZZY,VERY_LOW,MANUAL_REVIEW,SCOPE3,2026-01-14
Century Pulp and Paper (Century Textiles),Century Plyboards India Limited,44,FUZZY,VERY_LOW,MANUAL_REVIEW,ALL_SOURCES,2026-01-14
Chalet Hotels Limited,Chalet Hotels Limited,100,CANONICAL,HIGH,CANONICAL,MASTER_DB,2026-01-14
Chemplast Sanmar Limited,Chemplast Sanmar Limited,100,CANONICAL,HIGH,CANONICAL,MASTER_DB,2026-01-14
Cholamandalam Financial Holdings Limited,Cholamandalam Financial Holdings Limited,100,CANONICAL,HIGH,CANONICAL,MASTER_DB,2026-01-14
Cholamandalam Investment and Finance Company Limited,Cholamandalam Investment and Finance Company Limited,100,CANONICAL,HIGH,CANONICAL,MASTER_DB,2026-01-14
Cipla Limited,Cipla Limited,100,CANONICAL,HIGH,CANONICAL,MASTER_DB,2026-01-14
Crisil Limited,Cipla Limited,81,FUZZY,LOW,REVIEW_NEEDED,BRSR_REVENUE|SCOPE3,2026-01-14
Clean Science and Technology Limited,Clean Science and Technology Limited,100,CANONICAL,HIGH,CANONICAL,MASTER_DB,2026-01-14
Cochin International Airport (CIAL),Cochin International Airport (CIAL),100,CANONICAL,HIGH,CANONICAL,MASTER_DB,2026-01-14
Cochin International Airport,Cochin International Airport (CIAL),89,FUZZY,MEDIUM,AUTO,SCOPE3,2026-01-14
Cochin Shipyard Limited,Cochin Shipyard Limited,100,CANONICAL,HIGH,CANONICAL,MASTER_DB,2026-01-14
Coforge Limited,Coforge Limited,100,CANONICAL,HIGH,CANONICAL,MASTER_DB,2026-01-14
Computer Age Management Services Limited,Computer Age Management Services Limited,100,CANONICAL,HIGH,CANONICAL,MASTER_DB,2026-01-14
Concord Biotech Limited,Concord Biotech Limited,100,CANONICAL,HIGH,CANONICAL,MASTER_DB,2026-01-14
Container Corporation of India Limited,Container Corporation of India Limited,100,CANONICAL,HIGH,CANONICAL,MASTER_DB,2026-01-14
Cement Corporation of India,Container Corporation of India Limited,74,FUZZY,LOW,REVIEW_NEEDED,SCOPE3,2026-01-14
Craftsman Automation Limited,Craftsman Automation Limited,100,CANONICAL,HIGH,CANONICAL,MASTER_DB,2026-01-14
CreditAccess Grameen Limited,CreditAccess Grameen Limited,100,CANONICAL,HIGH,CANONICAL,MASTER_DB,2026-01-14
Crompton Greaves Consumer Electricals Limited,Crompton Greaves Consumer Electricals Limited,100,CANONICAL,HIGH,CANONICAL,MASTER_DB,2026-01-14
Cummins India Limited,Cummins India Limited,100,CANONICAL,HIGH,CANONICAL,MASTER_DB,2026-01-14
Cyient Limited,Cyient Limited,100,CANONICAL,HIGH,CANONICAL,MASTER_DB,2026-01-14
DCM Shriram Limited,DCM Shriram Limited,100,CANONICAL,HIGH,CANONICAL,MASTER_DB,2026-01-14
DIVI'S LABORATORIES LIMITED,DIVI'S LABORATORIES LIMITED,100,CANONICAL,HIGH,CANONICAL,MASTER_DB,2026-01-14
DIVIS LABORATORIES LIMITED,DIVIS LABORATORIES LIMITED,100,CANONICAL,HIGH,CANONICAL,MASTER_DB,2026-01-14
DLF Limited,DLF Limited,100,CANONICAL,HIGH,CANONICAL,MASTER_DB,2026-01-14
DOMS Industries Limited,DOMS Industries Limited,100,CANONICAL,HIGH,CANONICAL,MASTER_DB,2026-01-14
Dabur India Limited,Dabur India Limited,100,CANONICAL,HIGH,CANONICAL,MASTER_DB,2026-01-14
Dabur India,Dabur India Limited,99,NORMALIZED,HIGH,AUTO,SCOPE3,2026-01-14
Dalmia Bharat Limited,Dalmia Bharat Limited,100,CANONICAL,HIGH,CANONICAL,MASTER_DB,2026-01-14
Damodar Valley Corporation (DVC),Damodar Valley Corporation (DVC),100,CANONICAL,HIGH,CANONICAL,MASTER_DB,2026-01-14
Damodar Valley Corporation,Damodar Valley Corporation (DVC),90,FUZZY,MEDIUM,AUTO,SCOPE3,2026-01-14
Data Patterns India Limited,Data Patterns India Limited,100,CANONICAL,HIGH,CANONICAL,MASTER_DB,2026-01-14
Data Patterns (India) Limited,Data Patterns India Limited,96,FUZZY,HIGH,AUTO,ALL_SOURCES|SCOPE3,2026-01-14
Deepak Nitrite Limited,Deepak Nitrite Limited,100,CANONICAL,HIGH,CANONICAL,MASTER_DB,2026-01-14
Delhivery Limited,Delhivery Limited,100,CANONICAL,HIGH,CANONICAL,MASTER_DB,2026-01-14
Devyani International Limited,Devyani International Limited,100,CANONICAL,HIGH,CANONICAL,MASTER_DB,2026-01-14
Dixon Technologies India Limited,Dixon Technologies India Limited,100,CANONICAL,HIGH,CANONICAL,MASTER_DB,2026-01-14
Dixon Technologies (India) Limited,Dixon Technologies India Limited,97,FUZZY,HIGH,AUTO,ALL_SOURCES|SCOPE3,2026-01-14
Dr Reddys Laboratories Limited,Dr Reddys Laboratories Limited,100,CANONICAL,HIGH,CANONICAL,MASTER_DB,2026-01-14
Dr. Reddy's Laboratories Limited,Dr Reddys Laboratories Limited,97,FUZZY,HIGH,AUTO,ALL_SOURCES|SCOPE3,2026-01-14
EICHER MOTORS LIMITED,EICHER MOTORS LIMITED,100,CANONICAL,HIGH,CANONICAL,MASTER_DB,2026-01-14
EIH Limited,EIH Limited,100,CANONICAL,HIGH,CANONICAL,MASTER_DB,2026-01-14
ESAB India Limited,ESAB India Limited,100,CANONICAL,HIGH,CANONICAL,MASTER_DB,2026-01-14
ABB India Limited,ESAB India Limited,91,FUZZY,MEDIUM,AUTO,BRSR_REVENUE|SCOPE3,2026-01-14
Vesuvius India Limited,ESAB India Limited,80,FUZZY,LOW,REVIEW_NEEDED,BRSR_REVENUE|SCOPE3,2026-01-14
Easy Trip Planners Limited,Easy Trip Planners Limited,100,CANONICAL,HIGH,CANONICAL,MASTER_DB,2026-01-14
Electronics Mart India Limited,Electronics Mart India Limited,100,CANONICAL,HIGH,CANONICAL,MASTER_DB,2026-01-14
Electrosteel Castings,Electrosteel Castings,100,CANONICAL,HIGH,CANONICAL,MASTER_DB,2026-01-14
Electrosteel Castings Limited,Electrosteel Castings,99,NORMALIZED,HIGH,AUTO,BRSR_REVENUE|SCOPE3,2026-01-14
Electrosteel Steels,Electrosteel Castings,80,FUZZY,LOW,REVIEW_NEEDED,SCOPE3,2026-01-14
Elgi Equipments Limited,Elgi Equipments Limited,100,CANONICAL,HIGH,CANONICAL,MASTER_DB,2026-01-14
Emami Limited,Emami Limited,100,CANONICAL,HIGH,CANONICAL,MASTER_DB,2026-01-14
Emami Paper Mills Limited,Emami Paper Mills Limited,100,CANONICAL,HIGH,CANONICAL,MASTER_DB,2026-01-14
Emami Paper Mills,Emami Paper Mills Limited,99,NORMALIZED,HIGH,AUTO,SCOPE3,2026-01-14
Rama Paper Mills,Emami Paper Mills Limited,68,FUZZY,VERY_LOW,MANUAL_REVIEW,SCOPE3,2026-01-14
Endurance Technologies Limited,Endurance Technologies Limited,100,CANONICAL,HIGH,CANONICAL,MASTER_DB,2026-01-14
Engineers India Limited,Engineers India Limited,100,CANONICAL,HIGH,CANONICAL,MASTER_DB,2026-01-14
Equitas Small Finance Bank Limited,Equitas Small Finance Bank Limited,100,CANONICAL,HIGH,CANONICAL,MASTER_DB,2026-01-14
Eris Lifesciences Limited,Eris Lifesciences Limited,100,CANONICAL,HIGH,CANONICAL,MASTER_DB,2026-01-14
Escorts Kubota Limited,Escorts Kubota Limited,100,CANONICAL,HIGH,CANONICAL,MASTER_DB,2026-01-14
Essar Steel India (AM/NS India),Essar Steel India (AM/NS India),100,CANONICAL,HIGH,CANONICAL,MASTER_DB,2026-01-14
Essar Steel India,Essar Steel India (AM/NS India),71,FUZZY,LOW,REVIEW_NEEDED,SCOPE3,2026-01-14
Eureka Forbes Limited,Eureka Forbes Limited,100,CANONICAL,HIGH,CANONICAL,MASTER_DB,2026-01-14
Exide Industries Limited,Exide Industries Limited,100,CANONICAL,HIGH,CANONICAL,MASTER_DB,2026-01-14
FERTILIZERS AND CHEMICALS TRAVANCORE LIMITED,FERTILIZERS AND CHEMICALS TRAVANCORE LIMITED,100,CANONICAL,HIGH,CANONICAL,MASTER_DB,2026-01-14
FINE ORGANIC INDUSTRIES LIMITED,FINE ORGANIC INDUSTRIES LIMITED,100,CANONICAL,HIGH,CANONICAL,MASTER_DB,2026-01-14
Finolex Cables Limited,Finolex Cables Limited,100,CANONICAL,HIGH,CANONICAL,MASTER_DB,2026-01-14
Finolex Industries Limited,Finolex Industries Limited,100,CANONICAL,HIGH,CANONICAL,MASTER_DB,2026-01-14
Firstsource Solutions Limited,Firstsource Solutions Limited,100,CANONICAL,HIGH,CANONICAL,MASTER_DB,2026-01-14
Five-Star Business Finance Limited,Five-Star Business Finance Limited,100,CANONICAL,HIGH,CANONICAL,MASTER_DB,2026-01-14
Force Motors Ltd,Force Motors Ltd,100,CANONICAL,HIGH,CANONICAL,MASTER_DB,2026-01-14
Fortis Healthcare Limited,Fortis Healthcare Limited,100,CANONICAL,HIGH,CANONICAL,MASTER_DB,2026-01-14
G R Infraprojects Limited,G R Infraprojects Limited,100,CANONICAL,HIGH,CANONICAL,MASTER_DB,2026-01-14
GAIL (India) Limited,GAIL (India) Limited,100,CANONICAL,HIGH,CANONICAL,MASTER_DB,2026-01-14
GAIL India Limited,GAIL India Limited,100,CANONICAL,HIGH,CANONICAL,MASTER_DB,2026-01-14
GALAXY SURFACTANTS LIMITED,GALAXY SURFACTANTS LIMITED,100,CANONICAL,HIGH,CANONICAL,MASTER_DB,2026-01-14
GLAND PHARMA LIMITED,GLAND PHARMA LIMITED,100,CANONICAL,HIGH,CANONICAL,MASTER_DB,2026-01-14
GLOBAL HEALTH LIMITED,GLOBAL HEALTH LIMITED,100,CANONICAL,HIGH,CANONICAL,MASTER_DB,2026-01-14
"GMR Airports (Delhi, Hyderabad)","GMR Airports (Delhi, Hyderabad)",100,CANONICAL,HIGH,CANONICAL,MASTER_DB,2026-01-14
GODAWARI POWER AND ISPAT LIMITED,GODAWARI POWER AND ISPAT LIMITED,100,CANONICAL,HIGH,CANONICAL,MASTER_DB,2026-01-14
GODFREY PHILLIPS INDIA LIMITED,GODFREY PHILLIPS INDIA LIMITED,100,CANONICAL,HIGH,CANONICAL,MASTER_DB,2026-01-14
GODREJ AGROVET LIMITED,GODREJ AGROVET LIMITED,100,CANONICAL,HIGH,CANONICAL,MASTER_DB,2026-01-14
GRANULES INDIA LIMITED,GRANULES INDIA LIMITED,100,CANONICAL,HIGH,CANONICAL,MASTER_DB,2026-01-14
GRAPHITE INDIA LIMITED,GRAPHITE INDIA LIMITED,100,CANONICAL,HIGH,CANONICAL,MASTER_DB,2026-01-14
GUJARAT GAS LIMITED,GUJARAT GAS LIMITED,100,CANONICAL,HIGH,CANONICAL,MASTER_DB,2026-01-14
GVK Mumbai Airport,GVK Mumbai Airport,100,CANONICAL,HIGH,CANONICAL,MASTER_DB,2026-01-14
Garden Reach Shipbuilders  Engineers Limited,Garden Reach Shipbuilders  Engineers Limited,100,CANONICAL,HIGH,CANONICAL,MASTER_DB,2026-01-14
Garden Reach Shipbuilders & Engineers Limited,Garden Reach Shipbuilders  Engineers Limited,99,FUZZY,HIGH,AUTO,ALL_SOURCES|SCOPE3,2026-01-14
General Insurance Corporation of India,General Insurance Corporation of India,100,CANONICAL,HIGH,CANONICAL,MASTER_DB,2026-01-14
Genus Power Infrastructures Limited,Genus Power Infrastructures Limited,100,CANONICAL,HIGH,CANONICAL,MASTER_DB,2026-01-14
Gillette India Limited,Gillette India Limited,100,CANONICAL,HIGH,CANONICAL,MASTER_DB,2026-01-14
CIE AUTOMOTIVE INDIA LIMITED,Gillette India Limited,76,FUZZY,LOW,REVIEW_NEEDED,BRSR_REVENUE|SCOPE3,2026-01-14
GlaxoSmithKline Pharmaceuticals Limited,GlaxoSmithKline Pharmaceuticals Limited,100,CANONICAL,HIGH,CANONICAL,MASTER_DB,2026-01-14
Glenmark Pharmaceuticals Limited,Glenmark Pharmaceuticals Limited,100,CANONICAL,HIGH,CANONICAL,MASTER_DB,2026-01-14
Go Digit General Insurance Limited,Go Digit General Insurance Limited,100,CANONICAL,HIGH,CANONICAL,MASTER_DB,2026-01-14
Godrej Consumer Products Limited,Godrej Consumer Products Limited,100,CANONICAL,HIGH,CANONICAL,MASTER_DB,2026-01-14
Godrej Industries Limited,Godrej Industries Limited,100,CANONICAL,HIGH,CANONICAL,MASTER_DB,2026-01-14
Godrej Properties Limited,Godrej Properties Limited,100,CANONICAL,HIGH,CANONICAL,MASTER_DB,2026-01-14
Grasim Industries Limited,Grasim Industries Limited,100,CANONICAL,HIGH,CANONICAL,MASTER_DB,2026-01-14
Grindwell Norton Limited,Grindwell Norton Limited,100,CANONICAL,HIGH,CANONICAL,MASTER_DB,2026-01-14
Gujarat Ambuja Exports Limited,Gujarat Ambuja Exports Limited,100,CANONICAL,HIGH,CANONICAL,MASTER_DB,2026-01-14
RAJESH EXPORTS LIMITED,Gujarat Ambuja Exports Limited,73,FUZZY,LOW,REVIEW_NEEDED,XBRL|BRSR_REVENUE|REVENUE_INT|SCOPE3,2026-01-14
Gujarat Fluorochemicals Limited,Gujarat Fluorochemicals Limited,100,CANONICAL,HIGH,CANONICAL,MASTER_DB,2026-01-14
Gujarat Pipavav Port Limited,Gujarat Pipavav Port Limited,100,CANONICAL,HIGH,CANONICAL,MASTER_DB,2026-01-14
Gujarat State Petronet Limited,Gujarat State Petronet Limited,100,CANONICAL,HIGH,CANONICAL,MASTER_DB,2026-01-14
Gujarat State Electricity Corporation,Gujarat State Petronet Limited,60,FUZZY,VERY_LOW,MANUAL_REVIEW,ALL_SOURCES|SCOPE3,2026-01-14
HCL Technologies Limited,HCL Technologies Limited,100,CANONICAL,HIGH,CANONICAL,MASTER_DB,2026-01-14
HDFC Asset Management Company Limited,HDFC Asset Management Company Limited,100,CANONICAL,HIGH,CANONICAL,MASTER_DB,2026-01-14
HDFC Bank Limited,HDFC Bank Limited,100,CANONICAL,HIGH,CANONICAL,MASTER_DB,2026-01-14
HDFC Life Insurance Company Limited,HDFC Life Insurance Company Limited,100,CANONICAL,HIGH,CANONICAL,MASTER_DB,2026-01-14
HEG Limited,HEG Limited,100,CANONICAL,HIGH,CANONICAL,MASTER_DB,2026-01-14
HERO MOTOCORP LIMITED,HERO MOTOCORP LIMITED,100,CANONICAL,HIGH,CANONICAL,MASTER_DB,2026-01-14
HFCL Limited,HFCL Limited,100,CANONICAL,HIGH,CANONICAL,MASTER_DB,2026-01-14
HINDALCO INDUSTRIES LIMITED,HINDALCO INDUSTRIES LIMITED,100,CANONICAL,HIGH,CANONICAL,MASTER_DB,2026-01-14
HINDUSTAN AERONAUTICS LIMITED,HINDUSTAN AERONAUTICS LIMITED,100,CANONICAL,HIGH,CANONICAL,MASTER_DB,2026-01-14
Hindustan Coca-Cola Beverages (Coca-Cola India),HINDUSTAN AERONAUTICS LIMITED,50,FUZZY,VERY_LOW,MANUAL_REVIEW,ALL_SOURCES,2026-01-14
HINDUSTAN COPPER LIMITED,HINDUSTAN COPPER LIMITED,100,CANONICAL,HIGH,CANONICAL,MASTER_DB,2026-01-14
Hindustan Copper,HINDUSTAN COPPER LIMITED,99,NORMALIZED,HIGH,AUTO,SCOPE3,2026-01-14
HONEYWELL AUTOMATION INDIA LIMITED,HONEYWELL AUTOMATION INDIA LIMITED,100,CANONICAL,HIGH,CANONICAL,MASTER_DB,2026-01-14
Haldiram Snacks Food Private Limited,Haldiram Snacks Food Private Limited,100,CANONICAL,HIGH,CANONICAL,MASTER_DB,2026-01-14
Happiest Minds Technologies Limited,Happiest Minds Technologies Limited,100,CANONICAL,HIGH,CANONICAL,MASTER_DB,2026-01-14
Happy Forgings Limited,Happy Forgings Limited,100,CANONICAL,HIGH,CANONICAL,MASTER_DB,2026-01-14
Heritage Foods,Heritage Foods,100,CANONICAL,HIGH,CANONICAL,MASTER_DB,2026-01-14
Himadri Speciality Chemical Limited,Himadri Speciality Chemical Limited,100,CANONICAL,HIGH,CANONICAL,MASTER_DB,2026-01-14
Hindustan Petroleum Corporation Limited,Hindustan Petroleum Corporation Limited,100,CANONICAL,HIGH,CANONICAL,MASTER_DB,2026-01-14
Hindustan Paper Corporation,Hindustan Petroleum Corporation Limited,76,FUZZY,LOW,REVIEW_NEEDED,SCOPE3,2026-01-14
Hindustan Unilever Limited,Hindustan Unilever Limited,100,CANONICAL,HIGH,CANONICAL,MASTER_DB,2026-01-14
Hindustan Zinc Limited,Hindustan Zinc Limited,100,CANONICAL,HIGH,CANONICAL,MASTER_DB,2026-01-14
Hindustan,Hindustan Zinc Limited,58,FUZZY,VERY_LOW,MANUAL_REVIEW,REVENUE_INT|ALL_SOURCES,2026-01-14
Hitachi Energy India Limited,Hitachi Energy India Limited,100,CANONICAL,HIGH,CANONICAL,MASTER_DB,2026-01-14
Home First Finance Company India Limited,Home First Finance Company India Limited,100,CANONICAL,HIGH,CANONICAL,MASTER_DB,2026-01-14
Honasa Consumer Limited,Honasa Consumer Limited,100,CANONICAL,HIGH,CANONICAL,MASTER_DB,2026-01-14
ICICI Bank Limited,ICICI Bank Limited,100,CANONICAL,HIGH,CANONICAL,MASTER_DB,2026-01-14
ICICI Lombard General Insurance Company Limited,ICICI Lombard General Insurance Company Limited,100,CANONICAL,HIGH,CANONICAL,MASTER_DB,2026-01-14
ICICI Prudential Life Insurance Company Limited,ICICI Prudential Life Insurance Company Limited,100,CANONICAL,HIGH,CANONICAL,MASTER_DB,2026-01-14
IDBI Bank Limited,IDBI Bank Limited,100,CANONICAL,HIGH,CANONICAL,MASTER_DB,2026-01-14
IDFC FIRST Bank Limited,IDFC FIRST Bank Limited,100,CANONICAL,HIGH,CANONICAL,MASTER_DB,2026-01-14
Go First (GoAir),IDFC FIRST Bank Limited,46,FUZZY,VERY_LOW,MANUAL_REVIEW,SCOPE3,2026-01-14
IFCI Limited,IFCI Limited,100,CANONICAL,HIGH,CANONICAL,MASTER_DB,2026-01-14
IIFL Finance Limited,IIFL Finance Limited,100,CANONICAL,HIGH,CANONICAL,MASTER_DB,2026-01-14
INDIAN OVERSEAS BANK,INDIAN OVERSEAS BANK,100,CANONICAL,HIGH,CANONICAL,MASTER_DB,2026-01-14
Indian Bank,INDIAN OVERSEAS BANK,71,FUZZY,LOW,REVIEW_NEEDED,BRSR_REVENUE|SCOPE3,2026-01-14
INDIAN RAILWAY FINANCE CORPORATION LIMITED,INDIAN RAILWAY FINANCE CORPORATION LIMITED,100,CANONICAL,HIGH,CANONICAL,MASTER_DB,2026-01-14
INOX India Limited,INOX India Limited,100,CANONICAL,HIGH,CANONICAL,MASTER_DB,2026-01-14
INTELLECT DESIGN ARENA LIMITED,INTELLECT DESIGN ARENA LIMITED,100,CANONICAL,HIGH,CANONICAL,MASTER_DB,2026-01-14
IRB Infrastructure Developers Limited,IRB Infrastructure Developers Limited,100,CANONICAL,HIGH,CANONICAL,MASTER_DB,2026-01-14
ISGEC Heavy Engineering Limited,ISGEC Heavy Engineering Limited,100,CANONICAL,HIGH,CANONICAL,MASTER_DB,2026-01-14
ITC Limited,ITC Limited,100,CANONICAL,HIGH,CANONICAL,MASTER_DB,2026-01-14
MMTC LIMITED,ITC Limited,87,FUZZY,MEDIUM,AUTO,XBRL|BRSR_REVENUE|REVENUE_INT|SCOPE3,2026-01-14
ITC Limited (Paperboards Division),ITC Limited (Paperboards Division),100,CANONICAL,HIGH,CANONICAL,MASTER_DB,2026-01-14
Indegene Limited,Indegene Limited,100,CANONICAL,HIGH,CANONICAL,MASTER_DB,2026-01-14
Angel One Limited,Indegene Limited,79,FUZZY,LOW,REVIEW_NEEDED,BRSR_REVENUE|ALL_SOURCES|SCOPE3,2026-01-14
IndiGo (InterGlobe Aviation),IndiGo (InterGlobe Aviation),100,CANONICAL,HIGH,CANONICAL,MASTER_DB,2026-01-14
IndiaMART InterMESH Limited,IndiaMART InterMESH Limited,100,CANONICAL,HIGH,CANONICAL,MASTER_DB,2026-01-14
INDIAMART INTERMESH LIMITED,IndiaMART InterMESH Limited,100,EXACT,HIGH,AUTO,BRSR_REVENUE|SCOPE3,2026-01-14
Indian Energy Exchange Limited,Indian Energy Exchange Limited,100,CANONICAL,HIGH,CANONICAL,MASTER_DB,2026-01-14
Indian Oil Corporation Limited,Indian Oil Corporation Limited,100,CANONICAL,HIGH,CANONICAL,MASTER_DB,2026-01-14
Odisha Mining Corporation,Indian Oil Corporation Limited,62,FUZZY,VERY_LOW,MANUAL_REVIEW,ALL_SOURCES|SCOPE3,2026-01-14
hindalco-TNFD-2024-report,Indian Oil Corporation Limited,44,FUZZY,VERY_LOW,MANUAL_REVIEW,REVENUE_INT|ALL_SOURCES,2026-01-14
Indian Renewable Energy Development Agency Limited,Indian Renewable Energy Development Agency Limited,100,CANONICAL,HIGH,CANONICAL,MASTER_DB,2026-01-14
Indus Towers Limited,Indus Towers Limited,100,CANONICAL,HIGH,CANONICAL,MASTER_DB,2026-01-14
IndusInd Bank Limited,IndusInd Bank Limited,100,CANONICAL,HIGH,CANONICAL,MASTER_DB,2026-01-14
Infibeam Avenues Limited,Infibeam Avenues Limited,100,CANONICAL,HIGH,CANONICAL,MASTER_DB,2026-01-14
Infosys Limited,Infosys Limited,100,CANONICAL,HIGH,CANONICAL,MASTER_DB,2026-01-14
Inox Wind Limited,Inox Wind Limited,100,CANONICAL,HIGH,CANONICAL,MASTER_DB,2026-01-14
InterGlobe Aviation Limited,InterGlobe Aviation Limited,100,CANONICAL,HIGH,CANONICAL,MASTER_DB,2026-01-14
Ion Exchange India Limited,Ion Exchange India Limited,100,CANONICAL,HIGH,CANONICAL,MASTER_DB,2026-01-14
Ion Exchange (India) Limited,Ion Exchange India Limited,96,FUZZY,HIGH,AUTO,ALL_SOURCES|SCOPE3,2026-01-14
Ipca Laboratories Limited,Ipca Laboratories Limited,100,CANONICAL,HIGH,CANONICAL,MASTER_DB,2026-01-14
Ircon International Limited,Ircon International Limited,100,CANONICAL,HIGH,CANONICAL,MASTER_DB,2026-01-14
JAI BALAJI INDUSTRIES LIMITED,JAI BALAJI INDUSTRIES LIMITED,100,CANONICAL,HIGH,CANONICAL,MASTER_DB,2026-01-14
JAIPRAKASH POWER VENTURES LIMITED,JAIPRAKASH POWER VENTURES LIMITED,100,CANONICAL,HIGH,CANONICAL,MASTER_DB,2026-01-14
JBM Auto Limited,JBM Auto Limited,100,CANONICAL,HIGH,CANONICAL,MASTER_DB,2026-01-14
JINDAL STEEL  POWER LIMITED,JINDAL STEEL  POWER LIMITED,100,CANONICAL,HIGH,CANONICAL,MASTER_DB,2026-01-14
JINDAL STEEL & POWER LIMITED,JINDAL STEEL  POWER LIMITED,98,FUZZY,HIGH,AUTO,SCOPE3,2026-01-14
JK CEMENT LIMITED,JK CEMENT LIMITED,100,CANONICAL,HIGH,CANONICAL,MASTER_DB,2026-01-14
JK LAKSHMI CEMENT LIMITED,JK LAKSHMI CEMENT LIMITED,100,CANONICAL,HIGH,CANONICAL,MASTER_DB,2026-01-14
JK Lakshmi Cement,JK LAKSHMI CEMENT LIMITED,99,NORMALIZED,HIGH,AUTO,ALL_SOURCES|SCOPE3,2026-01-14
JK Paper,JK Paper,100,CANONICAL,HIGH,CANONICAL,MASTER_DB,2026-01-14
JK Tyre  Industries Limited,JK Tyre  Industries Limited,100,CANONICAL,HIGH,CANONICAL,MASTER_DB,2026-01-14
JK Tyre & Industries Limited,JK Tyre & Industries Limited,100,CANONICAL,HIGH,CANONICAL,MASTER_DB,2026-01-14
JM Financial Limited,JM Financial Limited,100,CANONICAL,HIGH,CANONICAL,MASTER_DB,2026-01-14
JSW Energy,JSW Energy,100,CANONICAL,HIGH,CANONICAL,MASTER_DB,2026-01-14
JSW Energy Limited,JSW Energy Limited,100,CANONICAL,HIGH,CANONICAL,MASTER_DB,2026-01-14
JSW Infrastructure Limited,JSW Infrastructure Limited,100,CANONICAL,HIGH,CANONICAL,MASTER_DB,2026-01-14
Authum Investment  Infrastructure Limited,JSW Infrastructure Limited,72,FUZZY,LOW,REVIEW_NEEDED,XBRL|BRSR_REVENUE|REVENUE_INT|SCOPE3,2026-01-14
Authum Investment & Infrastructure Limited,JSW Infrastructure Limited,71,FUZZY,LOW,REVIEW_NEEDED,SCOPE3,2026-01-14
JSW Steel Limited,JSW Steel Limited,100,CANONICAL,HIGH,CANONICAL,MASTER_DB,2026-01-14
JUBILANT INGREVIA LIMITED,JUBILANT INGREVIA LIMITED,100,CANONICAL,HIGH,CANONICAL,MASTER_DB,2026-01-14
JYOTHY LABS LIMITED,JYOTHY LABS LIMITED,100,CANONICAL,HIGH,CANONICAL,MASTER_DB,2026-01-14
JYOTI CNC AUTOMATION LIMITED,JYOTI CNC AUTOMATION LIMITED,100,CANONICAL,HIGH,CANONICAL,MASTER_DB,2026-01-14
Jindal Saw Limited,Jindal Saw Limited,100,CANONICAL,HIGH,CANONICAL,MASTER_DB,2026-01-14
Jindal Stainless Limited,Jindal Stainless Limited,100,CANONICAL,HIGH,CANONICAL,MASTER_DB,2026-01-14
Jio Financial Services Limited,Jio Financial Services Limited,100,CANONICAL,HIGH,CANONICAL,MASTER_DB,2026-01-14
Jubilant FoodWorks Limited,Jubilant FoodWorks Limited,100,CANONICAL,HIGH,CANONICAL,MASTER_DB,2026-01-14
JSL-TNFD-Report-FY-2024-25,Jubilant FoodWorks Limited,31,FUZZY,VERY_LOW,MANUAL_REVIEW,REVENUE_INT|ALL_SOURCES,2026-01-14
Jubilant Pharmova Limited,Jubilant Pharmova Limited,100,CANONICAL,HIGH,CANONICAL,MASTER_DB,2026-01-14
Juniper Hotels Limited,Juniper Hotels Limited,100,CANONICAL,HIGH,CANONICAL,MASTER_DB,2026-01-14
Jupiter Life Line Hospitals Limited,Jupiter Life Line Hospitals Limited,100,CANONICAL,HIGH,CANONICAL,MASTER_DB,2026-01-14
Jupiter Wagons Limited,Jupiter Wagons Limited,100,CANONICAL,HIGH,CANONICAL,MASTER_DB,2026-01-14
Just Dial Limited,Just Dial Limited,100,CANONICAL,HIGH,CANONICAL,MASTER_DB,2026-01-14
K.P.R. MILL LIMITED,K.P.R. MILL LIMITED,100,CANONICAL,HIGH,CANONICAL,MASTER_DB,2026-01-14
KARUR VYSYA BANK LIMITED,KARUR VYSYA BANK LIMITED,100,CANONICAL,HIGH,CANONICAL,MASTER_DB,2026-01-14
KEC International Limited,KEC International Limited,100,CANONICAL,HIGH,CANONICAL,MASTER_DB,2026-01-14
KEI INDUSTRIES LIMITED,KEI INDUSTRIES LIMITED,100,CANONICAL,HIGH,CANONICAL,MASTER_DB,2026-01-14
KFin Technologies Limited,KFin Technologies Limited,100,CANONICAL,HIGH,CANONICAL,MASTER_DB,2026-01-14
KIOCL (Kudremukh Iron Ore Company),KIOCL (Kudremukh Iron Ore Company),100,CANONICAL,HIGH,CANONICAL,MASTER_DB,2026-01-14
KIOCL Limited,KIOCL Limited,100,CANONICAL,HIGH,CANONICAL,MASTER_DB,2026-01-14
KNR Constructions Limited,KNR Constructions Limited,100,CANONICAL,HIGH,CANONICAL,MASTER_DB,2026-01-14
KOTAK MAHINDRA BANK LIMITED,KOTAK MAHINDRA BANK LIMITED,100,CANONICAL,HIGH,CANONICAL,MASTER_DB,2026-01-14
KPI GREEN ENERGY LIMITED,KPI GREEN ENERGY LIMITED,100,CANONICAL,HIGH,CANONICAL,MASTER_DB,2026-01-14
KPIT Technologies Limited,KPIT Technologies Limited,100,CANONICAL,HIGH,CANONICAL,MASTER_DB,2026-01-14
KPR MILL LIMITED,KPR MILL LIMITED,100,CANONICAL,HIGH,CANONICAL,MASTER_DB,2026-01-14
KPR Mill Limited,KPR MILL LIMITED,100,EXACT,HIGH,AUTO,REVENUE_INT|ALL_SOURCES,2026-01-14
KPR Mill,KPR MILL LIMITED,99,NORMALIZED,HIGH,AUTO,SCOPE3,2026-01-14
Kajaria Ceramics Limited,Kajaria Ceramics Limited,100,CANONICAL,HIGH,CANONICAL,MASTER_DB,2026-01-14
Kalpataru Projects International Limited,Kalpataru Projects International Limited,100,CANONICAL,HIGH,CANONICAL,MASTER_DB,2026-01-14
Kalyan Jewellers India Limited,Kalyan Jewellers India Limited,100,CANONICAL,HIGH,CANONICAL,MASTER_DB,2026-01-14
Kalyani Steels,Kalyani Steels,100,CANONICAL,HIGH,CANONICAL,MASTER_DB,2026-01-14
Uttam Galva Steels,Kalyani Steels,62,FUZZY,VERY_LOW,MANUAL_REVIEW,SCOPE3,2026-01-14
Bhushan Steel,Kalyani Steels,59,FUZZY,VERY_LOW,MANUAL_REVIEW,SCOPE3,2026-01-14
Visa Steel,Kalyani Steels,58,FUZZY,VERY_LOW,MANUAL_REVIEW,SCOPE3,2026-01-14
Kwality,Kalyani Steels,48,FUZZY,VERY_LOW,MANUAL_REVIEW,SCOPE3,2026-01-14
Adhunik Metaliks,Kalyani Steels,47,FUZZY,VERY_LOW,MANUAL_REVIEW,SCOPE3,2026-01-14
Kaynes Technology India Limited,Kaynes Technology India Limited,100,CANONICAL,HIGH,CANONICAL,MASTER_DB,2026-01-14
Keystone Realtors Limited,Keystone Realtors Limited,100,CANONICAL,HIGH,CANONICAL,MASTER_DB,2026-01-14
Kirloskar Brothers Limited,Kirloskar Brothers Limited,100,CANONICAL,HIGH,CANONICAL,MASTER_DB,2026-01-14
Kirloskar Oil Engines Limited,Kirloskar Oil Engines Limited,100,CANONICAL,HIGH,CANONICAL,MASTER_DB,2026-01-14
Krishna Institute of Medical Sciences Limited,Krishna Institute of Medical Sciences Limited,100,CANONICAL,HIGH,CANONICAL,MASTER_DB,2026-01-14
L&T Finance Limited,L&T Finance Limited,100,CANONICAL,HIGH,CANONICAL,MASTER_DB,2026-01-14
LT Finance Limited,L&T Finance Limited,97,FUZZY,HIGH,AUTO,BRSR_REVENUE|SCOPE3,2026-01-14
LAURUS LABS LIMITED,LAURUS LABS LIMITED,100,CANONICAL,HIGH,CANONICAL,MASTER_DB,2026-01-14
LIC Housing Finance Limited,LIC Housing Finance Limited,100,CANONICAL,HIGH,CANONICAL,MASTER_DB,2026-01-14
LT Technology Services Limited,LT Technology Services Limited,100,CANONICAL,HIGH,CANONICAL,MASTER_DB,2026-01-14
L&T Technology Services Limited,LT Technology Services Limited,98,FUZZY,HIGH,AUTO,SCOPE3,2026-01-14
LTIMindtree Limited,LTIMindtree Limited,100,CANONICAL,HIGH,CANONICAL,MASTER_DB,2026-01-14
Larsen & Toubro Limited,Larsen & Toubro Limited,100,CANONICAL,HIGH,CANONICAL,MASTER_DB,2026-01-14
Larsen  Toubro Limited,Larsen & Toubro Limited,98,FUZZY,HIGH,AUTO,BRSR_REVENUE|SCOPE3,2026-01-14
Latent View Analytics Limited,Latent View Analytics Limited,100,CANONICAL,HIGH,CANONICAL,MASTER_DB,2026-01-14
Lemon Tree Hotels Limited,Lemon Tree Hotels Limited,100,CANONICAL,HIGH,CANONICAL,MASTER_DB,2026-01-14
Electrosteel Steels (ESL Steel Limited),Lemon Tree Hotels Limited,59,FUZZY,VERY_LOW,MANUAL_REVIEW,ALL_SOURCES,2026-01-14
Life Insurance Corporation of India,Life Insurance Corporation of India,100,CANONICAL,HIGH,CANONICAL,MASTER_DB,2026-01-14
Neyveli Lignite Corporation,Life Insurance Corporation of India,58,FUZZY,VERY_LOW,MANUAL_REVIEW,SCOPE3,2026-01-14
Linde India Limited,Linde India Limited,100,CANONICAL,HIGH,CANONICAL,MASTER_DB,2026-01-14
Lloyds Metals and Energy Limited,Lloyds Metals and Energy Limited,100,CANONICAL,HIGH,CANONICAL,MASTER_DB,2026-01-14
Lupin Limited,Lupin Limited,100,CANONICAL,HIGH,CANONICAL,MASTER_DB,2026-01-14
MACROTECH DEVELOPERS LIMITED,MACROTECH DEVELOPERS LIMITED,100,CANONICAL,HIGH,CANONICAL,MASTER_DB,2026-01-14
MAHARASHTRA SCOOTERS LIMITED,MAHARASHTRA SCOOTERS LIMITED,100,CANONICAL,HIGH,CANONICAL,MASTER_DB,2026-01-14
MANKIND PHARMA LIMITED,MANKIND PHARMA LIMITED,100,CANONICAL,HIGH,CANONICAL,MASTER_DB,2026-01-14
MAX HEALTHCARE INSTITUTE LIMITED,MAX HEALTHCARE INSTITUTE LIMITED,100,CANONICAL,HIGH,CANONICAL,MASTER_DB,2026-01-14
MOIL Limited,MOIL Limited,100,CANONICAL,HIGH,CANONICAL,MASTER_DB,2026-01-14
MRF Limited,MRF Limited,100,CANONICAL,HIGH,CANONICAL,MASTER_DB,2026-01-14
MUTHOOT FINANCE LIMITED,MUTHOOT FINANCE LIMITED,100,CANONICAL,HIGH,CANONICAL,MASTER_DB,2026-01-14
Mahanagar Gas Limited,Mahanagar Gas Limited,100,CANONICAL,HIGH,CANONICAL,MASTER_DB,2026-01-14
Maharashtra Seamless Limited,Maharashtra Seamless Limited,100,CANONICAL,HIGH,CANONICAL,MASTER_DB,2026-01-14
Mahindra  Mahindra Financial Services Limited,Mahindra  Mahindra Financial Services Limited,100,CANONICAL,HIGH,CANONICAL,MASTER_DB,2026-01-14
Mahindra & Mahindra Financial Services Limited,Mahindra  Mahindra Financial Services Limited,99,FUZZY,HIGH,AUTO,SCOPE3,2026-01-14
Mahindra  Mahindra Limited,Mahindra  Mahindra Limited,100,CANONICAL,HIGH,CANONICAL,MASTER_DB,2026-01-14
Mahindra & Mahindra Limited,Mahindra  Mahindra Limited,98,FUZZY,HIGH,AUTO,ALL_SOURCES|SCOPE3,2026-01-14
Mahindra Holidays  Resorts India Limited,Mahindra Holidays  Resorts India Limited,100,CANONICAL,HIGH,CANONICAL,MASTER_DB,2026-01-14
Mahindra Holidays & Resorts India Limited,Mahindra Holidays & Resorts India Limited,100,CANONICAL,HIGH,CANONICAL,MASTER_DB,2026-01-14
Mahindra Lifespace Developers Limited,Mahindra Lifespace Developers Limited,100,CANONICAL,HIGH,CANONICAL,MASTER_DB,2026-01-14
Man Infraconstruction Limited,Man Infraconstruction Limited,100,CANONICAL,HIGH,CANONICAL,MASTER_DB,2026-01-14
Manappuram Finance Limited,Manappuram Finance Limited,100,CANONICAL,HIGH,CANONICAL,MASTER_DB,2026-01-14
Mangalam Cement,Mangalam Cement,100,CANONICAL,HIGH,CANONICAL,MASTER_DB,2026-01-14
Marico Limited,Marico Limited,100,CANONICAL,HIGH,CANONICAL,MASTER_DB,2026-01-14
Marico,Marico Limited,99,NORMALIZED,HIGH,AUTO,SCOPE3,2026-01-14
Maruti Suzuki India Limited,Maruti Suzuki India Limited,100,CANONICAL,HIGH,CANONICAL,MASTER_DB,2026-01-14
Mastek Limited,Mastek Limited,100,CANONICAL,HIGH,CANONICAL,MASTER_DB,2026-01-14
Max Financial Services Limited,Max Financial Services Limited,100,CANONICAL,HIGH,CANONICAL,MASTER_DB,2026-01-14
Mazagon Dock Shipbuilders Limited,Mazagon Dock Shipbuilders Limited,100,CANONICAL,HIGH,CANONICAL,MASTER_DB,2026-01-14
MedPlus Health Services Limited,MedPlus Health Services Limited,100,CANONICAL,HIGH,CANONICAL,MASTER_DB,2026-01-14
Metro Brands Limited,Metro Brands Limited,100,CANONICAL,HIGH,CANONICAL,MASTER_DB,2026-01-14
Metropolis Healthcare Limited,Metropolis Healthcare Limited,100,CANONICAL,HIGH,CANONICAL,MASTER_DB,2026-01-14
Minda Corporation Limited,Minda Corporation Limited,100,CANONICAL,HIGH,CANONICAL,MASTER_DB,2026-01-14
Mishra Dhatu Nigam Limited,Mishra Dhatu Nigam Limited,100,CANONICAL,HIGH,CANONICAL,MASTER_DB,2026-01-14
Mother Dairy,Mother Dairy,100,CANONICAL,HIGH,CANONICAL,MASTER_DB,2026-01-14
Motherson Sumi Wiring India Limited,Motherson Sumi Wiring India Limited,100,CANONICAL,HIGH,CANONICAL,MASTER_DB,2026-01-14
Motilal Oswal Financial Services Limited,Motilal Oswal Financial Services Limited,100,CANONICAL,HIGH,CANONICAL,MASTER_DB,2026-01-14
Monnet Ispat (JSW Ispat Special Products Limited),Motilal Oswal Financial Services Limited,56,FUZZY,VERY_LOW,MANUAL_REVIEW,ALL_SOURCES,2026-01-14
Mphasis Limited,Mphasis Limited,100,CANONICAL,HIGH,CANONICAL,MASTER_DB,2026-01-14
Mrs. Bectors Food Specialities,Mrs. Bectors Food Specialities,100,CANONICAL,HIGH,CANONICAL,MASTER_DB,2026-01-14
NATCO Pharma Limited,NATCO Pharma Limited,100,CANONICAL,HIGH,CANONICAL,MASTER_DB,2026-01-14
NAVA LIMITED,NAVA LIMITED,100,CANONICAL,HIGH,CANONICAL,MASTER_DB,2026-01-14
NBCC India Limited,NBCC India Limited,100,CANONICAL,HIGH,CANONICAL,MASTER_DB,2026-01-14
NBCC (India) Limited,NBCC India Limited,95,FUZZY,HIGH,AUTO,SCOPE3,2026-01-14
NCC LIMITED,NCC LIMITED,100,CANONICAL,HIGH,CANONICAL,MASTER_DB,2026-01-14
NETWEB TECHNOLOGIES INDIA LIMITED,NETWEB TECHNOLOGIES INDIA LIMITED,100,CANONICAL,HIGH,CANONICAL,MASTER_DB,2026-01-14
NHPC Limited,NHPC Limited,100,CANONICAL,HIGH,CANONICAL,MASTER_DB,2026-01-14
NLC India Limited,NLC India Limited,100,CANONICAL,HIGH,CANONICAL,MASTER_DB,2026-01-14
NMDC Limited,NMDC Limited,100,CANONICAL,HIGH,CANONICAL,MASTER_DB,2026-01-14
NMDC Steel Limited,NMDC Steel Limited,100,CANONICAL,HIGH,CANONICAL,MASTER_DB,2026-01-14
NTPC LIMITED,NTPC LIMITED,100,CANONICAL,HIGH,CANONICAL,MASTER_DB,2026-01-14
NUVAMA WEALTH MANAGEMENT LIMITED,NUVAMA WEALTH MANAGEMENT LIMITED,100,CANONICAL,HIGH,CANONICAL,MASTER_DB,2026-01-14
Narayana Hrudayalaya Ltd,Narayana Hrudayalaya Ltd,100,CANONICAL,HIGH,CANONICAL,MASTER_DB,2026-01-14
Narayana Hrudayalaya Ltd.,Narayana Hrudayalaya Ltd.,100,CANONICAL,HIGH,CANONICAL,MASTER_DB,2026-01-14
Navin Fluorine International Limited,Navin Fluorine International Limited,100,CANONICAL,HIGH,CANONICAL,MASTER_DB,2026-01-14
Nestle India,Nestle India,100,CANONICAL,HIGH,CANONICAL,MASTER_DB,2026-01-14
Welspun India,Nestle India,64,FUZZY,VERY_LOW,MANUAL_REVIEW,SCOPE3,2026-01-14
Monnet Ispat,Nestle India,50,FUZZY,VERY_LOW,MANUAL_REVIEW,SCOPE3,2026-01-14
Nestle India Limited,Nestle India Limited,100,CANONICAL,HIGH,CANONICAL,MASTER_DB,2026-01-14
Neuland Laboratories Limited,Neuland Laboratories Limited,100,CANONICAL,HIGH,CANONICAL,MASTER_DB,2026-01-14
Newgen Software Technologies Limited,Newgen Software Technologies Limited,100,CANONICAL,HIGH,CANONICAL,MASTER_DB,2026-01-14
Nippon Life India Asset Management Limited,Nippon Life India Asset Management Limited,100,CANONICAL,HIGH,CANONICAL,MASTER_DB,2026-01-14
Nuvoco Vistas Corporation Limited,Nuvoco Vistas Corporation Limited,100,CANONICAL,HIGH,CANONICAL,MASTER_DB,2026-01-14
Nuvoco Vistas Corp (Nirma Cement),Nuvoco Vistas Corporation Limited,67,FUZZY,VERY_LOW,MANUAL_REVIEW,ALL_SOURCES|SCOPE3,2026-01-14
Oberoi Realty Limited,Oberoi Realty Limited,100,CANONICAL,HIGH,CANONICAL,MASTER_DB,2026-01-14
Oil India Limited,Oil India Limited,100,CANONICAL,HIGH,CANONICAL,MASTER_DB,2026-01-14
Olectra Greentech Limited,Olectra Greentech Limited,100,CANONICAL,HIGH,CANONICAL,MASTER_DB,2026-01-14
One 97 Communications Limited,One 97 Communications Limited,100,CANONICAL,HIGH,CANONICAL,MASTER_DB,2026-01-14
Oracle Financial Services Software Limited,Oracle Financial Services Software Limited,100,CANONICAL,HIGH,CANONICAL,MASTER_DB,2026-01-14
PATANJALI FOODS LIMITED,PATANJALI FOODS LIMITED,100,CANONICAL,HIGH,CANONICAL,MASTER_DB,2026-01-14
PB FINTECH LIMITED,PB FINTECH LIMITED,100,CANONICAL,HIGH,CANONICAL,MASTER_DB,2026-01-14
Tech,PB FINTECH LIMITED,36,FUZZY,VERY_LOW,MANUAL_REVIEW,REVENUE_INT|ALL_SOURCES,2026-01-14
PI INDUSTRIES LIMITED,PI INDUSTRIES LIMITED,100,CANONICAL,HIGH,CANONICAL,MASTER_DB,2026-01-14
PNB Housing Finance Limited,PNB Housing Finance Limited,100,CANONICAL,HIGH,CANONICAL,MASTER_DB,2026-01-14
PNC Infratech Limited,PNC Infratech Limited,100,CANONICAL,HIGH,CANONICAL,MASTER_DB,2026-01-14
POLY MEDICURE LIMITED,POLY MEDICURE LIMITED,100,CANONICAL,HIGH,CANONICAL,MASTER_DB,2026-01-14
PTC Industries Limited,PTC Industries Limited,100,CANONICAL,HIGH,CANONICAL,MASTER_DB,2026-01-14
PUNJAB NATIONAL BANK,PUNJAB NATIONAL BANK,100,CANONICAL,HIGH,CANONICAL,MASTER_DB,2026-01-14
PVR INOX LIMITED,PVR INOX LIMITED,100,CANONICAL,HIGH,CANONICAL,MASTER_DB,2026-01-14
Page Industries Limited,Page Industries Limited,100,CANONICAL,HIGH,CANONICAL,MASTER_DB,2026-01-14
Persistent Systems Limited,Persistent Systems Limited,100,CANONICAL,HIGH,CANONICAL,MASTER_DB,2026-01-14
Petronet LNG Limited,Petronet LNG Limited,100,CANONICAL,HIGH,CANONICAL,MASTER_DB,2026-01-14
Pfizer Limited,Pfizer Limited,100,CANONICAL,HIGH,CANONICAL,MASTER_DB,2026-01-14
Pidilite Industries Limited,Pidilite Industries Limited,100,CANONICAL,HIGH,CANONICAL,MASTER_DB,2026-01-14
Piramal Enterprises Limited,Piramal Enterprises Limited,100,CANONICAL,HIGH,CANONICAL,MASTER_DB,2026-01-14
Piramal Pharma Limited,Piramal Pharma Limited,100,CANONICAL,HIGH,CANONICAL,MASTER_DB,2026-01-14
Polycab India Limited,Polycab India Limited,100,CANONICAL,HIGH,CANONICAL,MASTER_DB,2026-01-14
Poonawalla Fincorp Limited,Poonawalla Fincorp Limited,100,CANONICAL,HIGH,CANONICAL,MASTER_DB,2026-01-14
Power Finance Corporation Limited,Power Finance Corporation Limited,100,CANONICAL,HIGH,CANONICAL,MASTER_DB,2026-01-14
Power Grid Corporation of India Limited,Power Grid Corporation of India Limited,100,CANONICAL,HIGH,CANONICAL,MASTER_DB,2026-01-14
Power Mech Projects Limited,Power Mech Projects Limited,100,CANONICAL,HIGH,CANONICAL,MASTER_DB,2026-01-14
Praj Industries Limited,Praj Industries Limited,100,CANONICAL,HIGH,CANONICAL,MASTER_DB,2026-01-14
Prestige Estates Projects Limited,Prestige Estates Projects Limited,100,CANONICAL,HIGH,CANONICAL,MASTER_DB,2026-01-14
Prism Johnson (Cement),Prism Johnson (Cement),100,CANONICAL,HIGH,CANONICAL,MASTER_DB,2026-01-14
Prism Johnson Limited,Prism Johnson Limited,100,CANONICAL,HIGH,CANONICAL,MASTER_DB,2026-01-14
Procter  Gamble Health Limited,Procter  Gamble Health Limited,100,CANONICAL,HIGH,CANONICAL,MASTER_DB,2026-01-14
Procter & Gamble Health Limited,Procter  Gamble Health Limited,98,FUZZY,HIGH,AUTO,ALL_SOURCES|SCOPE3,2026-01-14
Punjab  Sind Bank,Punjab  Sind Bank,100,CANONICAL,HIGH,CANONICAL,MASTER_DB,2026-01-14
Punjab & Sind Bank,Punjab & Sind Bank,100,CANONICAL,HIGH,CANONICAL,MASTER_DB,2026-01-14
Quess Corp Limited,Quess Corp Limited,100,CANONICAL,HIGH,CANONICAL,MASTER_DB,2026-01-14
R R Kabel Limited,R R Kabel Limited,100,CANONICAL,HIGH,CANONICAL,MASTER_DB,2026-01-14
RATTANINDIA ENTERPRISES LIMITED,RATTANINDIA ENTERPRISES LIMITED,100,CANONICAL,HIGH,CANONICAL,MASTER_DB,2026-01-14
RBL Bank Limited,RBL Bank Limited,100,CANONICAL,HIGH,CANONICAL,MASTER_DB,2026-01-14
REC Limited,REC Limited,100,CANONICAL,HIGH,CANONICAL,MASTER_DB,2026-01-14
RELIANCE POWER LIMITED,RELIANCE POWER LIMITED,100,CANONICAL,HIGH,CANONICAL,MASTER_DB,2026-01-14
RHI Magnesita India Ltd,RHI Magnesita India Ltd,100,CANONICAL,HIGH,CANONICAL,MASTER_DB,2026-01-14
MOIL (Manganese Ore India),RHI Magnesita India Ltd,57,FUZZY,VERY_LOW,MANUAL_REVIEW,SCOPE3,2026-01-14
RITES Limited,RITES Limited,100,CANONICAL,HIGH,CANONICAL,MASTER_DB,2026-01-14
Radico Khaitan Limited,Radico Khaitan Limited,100,CANONICAL,HIGH,CANONICAL,MASTER_DB,2026-01-14
Rail Vikas Nigam Limited,Rail Vikas Nigam Limited,100,CANONICAL,HIGH,CANONICAL,MASTER_DB,2026-01-14
Railtel Corporation of India Limited,Railtel Corporation of India Limited,100,CANONICAL,HIGH,CANONICAL,MASTER_DB,2026-01-14
Ramkrishna Forgings Limited,Ramkrishna Forgings Limited,100,CANONICAL,HIGH,CANONICAL,MASTER_DB,2026-01-14
Rashtriya Ispat Nigam Limited (RINL) - Vizag Steel,Rashtriya Ispat Nigam Limited (RINL) - Vizag Steel,100,CANONICAL,HIGH,CANONICAL,MASTER_DB,2026-01-14
RateGain Travel Technologies Limited,RateGain Travel Technologies Limited,100,CANONICAL,HIGH,CANONICAL,MASTER_DB,2026-01-14
Ratnamani Metals  Tubes Limited,Ratnamani Metals  Tubes Limited,100,CANONICAL,HIGH,CANONICAL,MASTER_DB,2026-01-14
Ratnamani Metals & Tubes Limited,Ratnamani Metals  Tubes Limited,98,FUZZY,HIGH,AUTO,ALL_SOURCES|SCOPE3,2026-01-14
Raymond Limited,Raymond Limited,100,CANONICAL,HIGH,CANONICAL,MASTER_DB,2026-01-14
Raymond,Raymond Limited,99,NORMALIZED,HIGH,AUTO,SCOPE3,2026-01-14
Redington Limited,Redington Limited,100,CANONICAL,HIGH,CANONICAL,MASTER_DB,2026-01-14
Redtape Limited,Redtape Limited,100,CANONICAL,HIGH,CANONICAL,MASTER_DB,2026-01-14
Relaxo Footwears Limited,Relaxo Footwears Limited,100,CANONICAL,HIGH,CANONICAL,MASTER_DB,2026-01-14
Reliance Industries Limited,Reliance Industries Limited,100,CANONICAL,HIGH,CANONICAL,MASTER_DB,2026-01-14
Archean Chemical Industries Limited,Reliance Industries Limited,81,FUZZY,LOW,REVIEW_NEEDED,BRSR_REVENUE|ALL_SOURCES|SCOPE3,2026-01-14
Reliance Infrastructure Limited,Reliance Infrastructure Limited,100,CANONICAL,HIGH,CANONICAL,MASTER_DB,2026-01-14
Responsive Industries Limited,Responsive Industries Limited,100,CANONICAL,HIGH,CANONICAL,MASTER_DB,2026-01-14
Route Mobile Limited,Route Mobile Limited,100,CANONICAL,HIGH,CANONICAL,MASTER_DB,2026-01-14
SAMVARDHANA MOTHERSON INTERNATIONAL LIMITED,SAMVARDHANA MOTHERSON INTERNATIONAL LIMITED,100,CANONICAL,HIGH,CANONICAL,MASTER_DB,2026-01-14
SAPPHIRE FOODS INDIA LIMITED,SAPPHIRE FOODS INDIA LIMITED,100,CANONICAL,HIGH,CANONICAL,MASTER_DB,2026-01-14
SARDA ENERGY  MINERALS LIMITED,SARDA ENERGY  MINERALS LIMITED,100,CANONICAL,HIGH,CANONICAL,MASTER_DB,2026-01-14
SARDA ENERGY & MINERALS LIMITED,SARDA ENERGY & MINERALS LIMITED,100,CANONICAL,HIGH,CANONICAL,MASTER_DB,2026-01-14
SAREGAMA India Limited,SAREGAMA India Limited,100,CANONICAL,HIGH,CANONICAL,MASTER_DB,2026-01-14
SBFC Finance Limited,SBFC Finance Limited,100,CANONICAL,HIGH,CANONICAL,MASTER_DB,2026-01-14
SBI Cards and Payment Services Limited,SBI Cards and Payment Services Limited,100,CANONICAL,HIGH,CANONICAL,MASTER_DB,2026-01-14
SBI Life Insurance Company Limited,SBI Life Insurance Company Limited,100,CANONICAL,HIGH,CANONICAL,MASTER_DB,2026-01-14
SHIPPING CORPORATION OF INDIA LIMITED,SHIPPING CORPORATION OF INDIA LIMITED,100,CANONICAL,HIGH,CANONICAL,MASTER_DB,2026-01-14
SJVN Limited,SJVN Limited,100,CANONICAL,HIGH,CANONICAL,MASTER_DB,2026-01-14
SKF INDIA LIMITED,SKF INDIA LIMITED,100,CANONICAL,HIGH,CANONICAL,MASTER_DB,2026-01-14
SRF LIMITED,SRF LIMITED,100,CANONICAL,HIGH,CANONICAL,MASTER_DB,2026-01-14
STATE BANK OF INDIA,STATE BANK OF INDIA,100,CANONICAL,HIGH,CANONICAL,MASTER_DB,2026-01-14
SUMITOMO CHEMICAL INDIA LIMITED,SUMITOMO CHEMICAL INDIA LIMITED,100,CANONICAL,HIGH,CANONICAL,MASTER_DB,2026-01-14
SUNDARAM FINANCE LIMITED,SUNDARAM FINANCE LIMITED,100,CANONICAL,HIGH,CANONICAL,MASTER_DB,2026-01-14
SUPREME PETROCHEM LIMITED,SUPREME PETROCHEM LIMITED,100,CANONICAL,HIGH,CANONICAL,MASTER_DB,2026-01-14
SUZLON ENERGY LIMITED,SUZLON ENERGY LIMITED,100,CANONICAL,HIGH,CANONICAL,MASTER_DB,2026-01-14
Safari Industries India Limited,Safari Industries India Limited,100,CANONICAL,HIGH,CANONICAL,MASTER_DB,2026-01-14
Safari Industries (India) Limited,Safari Industries India Limited,97,FUZZY,HIGH,AUTO,ALL_SOURCES|SCOPE3,2026-01-14
Sagar Cements,Sagar Cements,100,CANONICAL,HIGH,CANONICAL,MASTER_DB,2026-01-14
Burnpur Cement,Sagar Cements,59,FUZZY,VERY_LOW,MANUAL_REVIEW,SCOPE3,2026-01-14
SpiceJet,Sagar Cements,48,FUZZY,VERY_LOW,MANUAL_REVIEW,ALL_SOURCES|SCOPE3,2026-01-14
Sandur Manganese  Iron Ores Limited,Sandur Manganese  Iron Ores Limited,100,CANONICAL,HIGH,CANONICAL,MASTER_DB,2026-01-14
Sandur Manganese & Iron Ores Limited,Sandur Manganese  Iron Ores Limited,99,FUZZY,HIGH,AUTO,SCOPE3,2026-01-14
Sanghi Industries,Sanghi Industries,100,CANONICAL,HIGH,CANONICAL,MASTER_DB,2026-01-14
Shreyans Industries (Paper),Sanghi Industries,64,FUZZY,VERY_LOW,MANUAL_REVIEW,SCOPE3,2026-01-14
Sanofi India Limited,Sanofi India Limited,100,CANONICAL,HIGH,CANONICAL,MASTER_DB,2026-01-14
Schaeffler India Limited,Schaeffler India Limited,100,CANONICAL,HIGH,CANONICAL,MASTER_DB,2026-01-14
Schneider Electric Infrastructure Limited,Schneider Electric Infrastructure Limited,100,CANONICAL,HIGH,CANONICAL,MASTER_DB,2026-01-14
Seshasayee Paper and Boards Limited,Seshasayee Paper and Boards Limited,100,CANONICAL,HIGH,CANONICAL,MASTER_DB,2026-01-14
Seshasayee Paper and Boards,Seshasayee Paper and Boards Limited,99,NORMALIZED,HIGH,AUTO,SCOPE3,2026-01-14
Sheela Foam Limited,Sheela Foam Limited,100,CANONICAL,HIGH,CANONICAL,MASTER_DB,2026-01-14
Shoppers Stop Limited,Shoppers Stop Limited,100,CANONICAL,HIGH,CANONICAL,MASTER_DB,2026-01-14
Shree Renuka Sugars Limited,Shree Renuka Sugars Limited,100,CANONICAL,HIGH,CANONICAL,MASTER_DB,2026-01-14
Shriram Finance Limited,Shriram Finance Limited,100,CANONICAL,HIGH,CANONICAL,MASTER_DB,2026-01-14
Shyam Metalics and Energy Limited,Shyam Metalics and Energy Limited,100,CANONICAL,HIGH,CANONICAL,MASTER_DB,2026-01-14
Siemens Limited,Siemens Limited,100,CANONICAL,HIGH,CANONICAL,MASTER_DB,2026-01-14
Signatureglobal India Limited,Signatureglobal India Limited,100,CANONICAL,HIGH,CANONICAL,MASTER_DB,2026-01-14
Signatureglobal (India) Limited,Signatureglobal India Limited,97,FUZZY,HIGH,AUTO,SCOPE3,2026-01-14
Sobha Limited,Sobha Limited,100,CANONICAL,HIGH,CANONICAL,MASTER_DB,2026-01-14
KSB Limited,Sobha Limited,83,FUZZY,LOW,REVIEW_NEEDED,BRSR_REVENUE|SCOPE3,2026-01-14
Solar Industries India Limited,Solar Industries India Limited,100,CANONICAL,HIGH,CANONICAL,MASTER_DB,2026-01-14
Kesoram Industries (Cement Division),Solar Industries India Limited,61,FUZZY,VERY_LOW,MANUAL_REVIEW,ALL_SOURCES|SCOPE3,2026-01-14
Sona BLW Precision Forgings Limited,Sona BLW Precision Forgings Limited,100,CANONICAL,HIGH,CANONICAL,MASTER_DB,2026-01-14
Sonata Software Limited,Sonata Software Limited,100,CANONICAL,HIGH,CANONICAL,MASTER_DB,2026-01-14
Star Cement Limited,Star Cement Limited,100,CANONICAL,HIGH,CANONICAL,MASTER_DB,2026-01-14
Star Health and Allied Insurance Company Limited,Star Health and Allied Insurance Company Limited,100,CANONICAL,HIGH,CANONICAL,MASTER_DB,2026-01-14
Steel Authority of India Limited,Steel Authority of India Limited,100,CANONICAL,HIGH,CANONICAL,MASTER_DB,2026-01-14
Airports Authority of India (AAI),Steel Authority of India Limited,68,FUZZY,VERY_LOW,MANUAL_REVIEW,ALL_SOURCES|SCOPE3,2026-01-14
Sterling and Wilson Renewable Energy Limited,Sterling and Wilson Renewable Energy Limited,100,CANONICAL,HIGH,CANONICAL,MASTER_DB,2026-01-14
Sun Pharma Advanced Research Company Limited,Sun Pharma Advanced Research Company Limited,100,CANONICAL,HIGH,CANONICAL,MASTER_DB,2026-01-14
Sun Pharmaceutical Industries Limited,Sun Pharmaceutical Industries Limited,100,CANONICAL,HIGH,CANONICAL,MASTER_DB,2026-01-14
Sun TV Network Limited,Sun TV Network Limited,100,CANONICAL,HIGH,CANONICAL,MASTER_DB,2026-01-14
Sundram Fasteners Limited,Sundram Fasteners Limited,100,CANONICAL,HIGH,CANONICAL,MASTER_DB,2026-01-14
Sunflag Iron and Steel,Sunflag Iron and Steel,100,CANONICAL,HIGH,CANONICAL,MASTER_DB,2026-01-14
Supreme Industries Limited,Supreme Industries Limited,100,CANONICAL,HIGH,CANONICAL,MASTER_DB,2026-01-14
Syngene International Limited,Syngene International Limited,100,CANONICAL,HIGH,CANONICAL,MASTER_DB,2026-01-14
Syrma SGS Technology Limited,Syrma SGS Technology Limited,100,CANONICAL,HIGH,CANONICAL,MASTER_DB,2026-01-14
TATA CHEMICALS LIMITED,TATA CHEMICALS LIMITED,100,CANONICAL,HIGH,CANONICAL,MASTER_DB,2026-01-14
TATA COMMUNICATIONS LIMITED,TATA COMMUNICATIONS LIMITED,100,CANONICAL,HIGH,CANONICAL,MASTER_DB,2026-01-14
TBO Tek Limited,TBO Tek Limited,100,CANONICAL,HIGH,CANONICAL,MASTER_DB,2026-01-14
TEGA INDUSTRIES LIMITED,TEGA INDUSTRIES LIMITED,100,CANONICAL,HIGH,CANONICAL,MASTER_DB,2026-01-14
THE NEW INDIA ASSURANCE COMPANY LIMITED,THE NEW INDIA ASSURANCE COMPANY LIMITED,100,CANONICAL,HIGH,CANONICAL,MASTER_DB,2026-01-14
THE PHOENIX MILLS LIMITED,THE PHOENIX MILLS LIMITED,100,CANONICAL,HIGH,CANONICAL,MASTER_DB,2026-01-14
TITAGARH RAIL SYSTEMS LIMITED,TITAGARH RAIL SYSTEMS LIMITED,100,CANONICAL,HIGH,CANONICAL,MASTER_DB,2026-01-14
TRIDENT LIMITED,TRIDENT LIMITED,100,CANONICAL,HIGH,CANONICAL,MASTER_DB,2026-01-14
Trident Limited,TRIDENT LIMITED,100,EXACT,HIGH,AUTO,REVENUE_INT|ALL_SOURCES|SCOPE3,2026-01-14
TTK PRESTIGE LIMITED,TTK PRESTIGE LIMITED,100,CANONICAL,HIGH,CANONICAL,MASTER_DB,2026-01-14
TVS Motor Company Limited,TVS Motor Company Limited,100,CANONICAL,HIGH,CANONICAL,MASTER_DB,2026-01-14
TVS Supply Chain Solutions Limited,TVS Supply Chain Solutions Limited,100,CANONICAL,HIGH,CANONICAL,MASTER_DB,2026-01-14
Tamilnad Mercantile Bank Limited,Tamilnad Mercantile Bank Limited,100,CANONICAL,HIGH,CANONICAL,MASTER_DB,2026-01-14
Tamil Nadu Newsprint and Papers (TNPL),Tamilnad Mercantile Bank Limited,49,FUZZY,VERY_LOW,MANUAL_REVIEW,SCOPE3,2026-01-14
Tanla Platforms Limited,Tanla Platforms Limited,100,CANONICAL,HIGH,CANONICAL,MASTER_DB,2026-01-14
Tata Consultancy Services Limited,Tata Consultancy Services Limited,100,CANONICAL,HIGH,CANONICAL,MASTER_DB,2026-01-14
Tata Consumer Products Limited,Tata Consumer Products Limited,100,CANONICAL,HIGH,CANONICAL,MASTER_DB,2026-01-14
Hatsun Agro Products,Tata Consumer Products Limited,56,FUZZY,VERY_LOW,MANUAL_REVIEW,ALL_SOURCES|SCOPE3,2026-01-14
Tata Elxsi Limited,Tata Elxsi Limited,100,CANONICAL,HIGH,CANONICAL,MASTER_DB,2026-01-14
Tata Investment Corporation Limited,Tata Investment Corporation Limited,100,CANONICAL,HIGH,CANONICAL,MASTER_DB,2026-01-14
AP Mineral Development Corporation,Tata Investment Corporation Limited,64,FUZZY,VERY_LOW,MANUAL_REVIEW,SCOPE3,2026-01-14
NMDC (National Mineral Development Corporation),Tata Investment Corporation Limited,59,FUZZY,VERY_LOW,MANUAL_REVIEW,SCOPE3,2026-01-14
GMDC (Gujarat Mineral Development Corporation),Tata Investment Corporation Limited,57,FUZZY,VERY_LOW,MANUAL_REVIEW,SCOPE3,2026-01-14
Karnataka State Mineral Corporation,Tata Investment Corporation Limited,54,FUZZY,VERY_LOW,MANUAL_REVIEW,SCOPE3,2026-01-14
"Vedanta Resources (Zinc, Copper, Iron)",Tata Investment Corporation Limited,44,FUZZY,VERY_LOW,MANUAL_REVIEW,SCOPE3,2026-01-14
Tata Motors Limited,Tata Motors Limited,100,CANONICAL,HIGH,CANONICAL,MASTER_DB,2026-01-14
Tata Power,Tata Power,100,CANONICAL,HIGH,CANONICAL,MASTER_DB,2026-01-14
Tata,Tata Power,57,FUZZY,VERY_LOW,MANUAL_REVIEW,REVENUE_INT|ALL_SOURCES,2026-01-14
itc-nature-report,Tata Power,44,FUZZY,VERY_LOW,MANUAL_REVIEW,REVENUE_INT|ALL_SOURCES,2026-01-14
Tata Steel Limited,Tata Steel Limited,100,CANONICAL,HIGH,CANONICAL,MASTER_DB,2026-01-14
Bhushan Steel (Tata Steel BSL),Tata Steel Limited,50,FUZZY,VERY_LOW,MANUAL_REVIEW,ALL_SOURCES,2026-01-14
Tata Technologies Limited,Tata Technologies Limited,100,CANONICAL,HIGH,CANONICAL,MASTER_DB,2026-01-14
Tata Teleservices Maharashtra Limited,Tata Teleservices Maharashtra Limited,100,CANONICAL,HIGH,CANONICAL,MASTER_DB,2026-01-14
Tata Teleservices (Maharashtra) Limited,Tata Teleservices Maharashtra Limited,97,FUZZY,HIGH,AUTO,SCOPE3,2026-01-14
Tech Mahindra Limited,Tech Mahindra Limited,100,CANONICAL,HIGH,CANONICAL,MASTER_DB,2026-01-14
Techno Electric  Engineering Company Limited,Techno Electric  Engineering Company Limited,100,CANONICAL,HIGH,CANONICAL,MASTER_DB,2026-01-14
Techno Electric & Engineering Company Limited,Techno Electric  Engineering Company Limited,99,FUZZY,HIGH,AUTO,ALL_SOURCES|SCOPE3,2026-01-14
Tejas Networks Limited,Tejas Networks Limited,100,CANONICAL,HIGH,CANONICAL,MASTER_DB,2026-01-14
The Ramco Cements Limited,The Ramco Cements Limited,100,CANONICAL,HIGH,CANONICAL,MASTER_DB,2026-01-14
Thermax Limited,Thermax Limited,100,CANONICAL,HIGH,CANONICAL,MASTER_DB,2026-01-14
Thomas Cook  India  Limited,Thomas Cook  India  Limited,100,CANONICAL,HIGH,CANONICAL,MASTER_DB,2026-01-14
Thomas Cook  (India)  Limited,Thomas Cook  India  Limited,96,FUZZY,HIGH,AUTO,SCOPE3,2026-01-14
Timken India Limited,Timken India Limited,100,CANONICAL,HIGH,CANONICAL,MASTER_DB,2026-01-14
Titan Company Limited,Titan Company Limited,100,CANONICAL,HIGH,CANONICAL,MASTER_DB,2026-01-14
Torrent Pharmaceuticals Limited,Torrent Pharmaceuticals Limited,100,CANONICAL,HIGH,CANONICAL,MASTER_DB,2026-01-14
Torrent Power Limited,Torrent Power Limited,100,CANONICAL,HIGH,CANONICAL,MASTER_DB,2026-01-14
Torrent Power,Torrent Power Limited,99,NORMALIZED,HIGH,AUTO,SCOPE3,2026-01-14
Triveni Engineering  Industries Limited,Triveni Engineering  Industries Limited,100,CANONICAL,HIGH,CANONICAL,MASTER_DB,2026-01-14
Triveni Engineering & Industries Limited,Triveni Engineering  Industries Limited,99,FUZZY,HIGH,AUTO,SCOPE3,2026-01-14
Triveni Turbine Limited,Triveni Turbine Limited,100,CANONICAL,HIGH,CANONICAL,MASTER_DB,2026-01-14
Tube Investments of India Limited,Tube Investments of India Limited,100,CANONICAL,HIGH,CANONICAL,MASTER_DB,2026-01-14
UNION BANK OF INDIA,UNION BANK OF INDIA,100,CANONICAL,HIGH,CANONICAL,MASTER_DB,2026-01-14
UNITED BREWERIES LIMITED,UNITED BREWERIES LIMITED,100,CANONICAL,HIGH,CANONICAL,MASTER_DB,2026-01-14
Varun Beverages Limited,UNITED BREWERIES LIMITED,72,FUZZY,LOW,REVIEW_NEEDED,BRSR_REVENUE|SCOPE3,2026-01-14
UPL LIMITED,UPL LIMITED,100,CANONICAL,HIGH,CANONICAL,MASTER_DB,2026-01-14
UTI Asset Management Company Limited,UTI Asset Management Company Limited,100,CANONICAL,HIGH,CANONICAL,MASTER_DB,2026-01-14
Ujjivan Small Finance Bank Limited,Ujjivan Small Finance Bank Limited,100,CANONICAL,HIGH,CANONICAL,MASTER_DB,2026-01-14
UltraTech Cement Limited,UltraTech Cement Limited,100,CANONICAL,HIGH,CANONICAL,MASTER_DB,2026-01-14
United Spirits Limited,United Spirits Limited,100,CANONICAL,HIGH,CANONICAL,MASTER_DB,2026-01-14
Uno Minda Limited,Uno Minda Limited,100,CANONICAL,HIGH,CANONICAL,MASTER_DB,2026-01-14
Usha Martin Limited,Usha Martin Limited,100,CANONICAL,HIGH,CANONICAL,MASTER_DB,2026-01-14
Usha Martin,Usha Martin Limited,99,NORMALIZED,HIGH,AUTO,ALL_SOURCES|SCOPE3,2026-01-14
S Kumars Nationwide,Usha Martin Limited,53,FUZZY,VERY_LOW,MANUAL_REVIEW,SCOPE3,2026-01-14
V-GUARD INDUSTRIES LIMITED,V-GUARD INDUSTRIES LIMITED,100,CANONICAL,HIGH,CANONICAL,MASTER_DB,2026-01-14
VALOR ESTATE LIMITED,VALOR ESTATE LIMITED,100,CANONICAL,HIGH,CANONICAL,MASTER_DB,2026-01-14
VIP INDUSTRIES LIMITED,VIP INDUSTRIES LIMITED,100,CANONICAL,HIGH,CANONICAL,MASTER_DB,2026-01-14
Vardhman Textiles,Vardhman Textiles,100,CANONICAL,HIGH,CANONICAL,MASTER_DB,2026-01-14
Vistara (TATA SIA Airlines),Vardhman Textiles,50,FUZZY,VERY_LOW,MANUAL_REVIEW,ALL_SOURCES|SCOPE3,2026-01-14
Varroc Engineering Limited,Varroc Engineering Limited,100,CANONICAL,HIGH,CANONICAL,MASTER_DB,2026-01-14
Varun Beverages (PepsiCo franchise),Varun Beverages (PepsiCo franchise),100,CANONICAL,HIGH,CANONICAL,MASTER_DB,2026-01-14
Vedant Fashions Limited,Vedant Fashions Limited,100,CANONICAL,HIGH,CANONICAL,MASTER_DB,2026-01-14
Vedanta,Vedanta,100,CANONICAL,HIGH,CANONICAL,MASTER_DB,2026-01-14
Vedanta Limited,Vedanta Limited,100,CANONICAL,HIGH,CANONICAL,MASTER_DB,2026-01-14
Vedanta-Aluminium-TNFD-2025,Vedanta Limited,57,FUZZY,VERY_LOW,MANUAL_REVIEW,REVENUE_INT|ALL_SOURCES,2026-01-14
Vinati Organics Limited,Vinati Organics Limited,100,CANONICAL,HIGH,CANONICAL,MASTER_DB,2026-01-14
Vodafone Idea Limited,Vodafone Idea Limited,100,CANONICAL,HIGH,CANONICAL,MASTER_DB,2026-01-14
Voltamp Transformers Limited,Voltamp Transformers Limited,100,CANONICAL,HIGH,CANONICAL,MASTER_DB,2026-01-14
Voltas Limited,Voltas Limited,100,CANONICAL,HIGH,CANONICAL,MASTER_DB,2026-01-14
TVS Holdings Limited,Voltas Limited,71,FUZZY,LOW,REVIEW_NEEDED,XBRL|BRSR_REVENUE|REVENUE_INT|SCOPE3,2026-01-14
Waaree Renewable Technologies Limited,Waaree Renewable Technologies Limited,100,CANONICAL,HIGH,CANONICAL,MASTER_DB,2026-01-14
Welspun Corp Limited,Welspun Corp Limited,100,CANONICAL,HIGH,CANONICAL,MASTER_DB,2026-01-14
Welspun Living Limited,Welspun Living Limited,100,CANONICAL,HIGH,CANONICAL,MASTER_DB,2026-01-14
Welspun Living Limited (formerly Welspun India),Welspun Living Limited (formerly Welspun India),100,CANONICAL,HIGH,CANONICAL,MASTER_DB,2026-01-14
West Coast Paper Mills,West Coast Paper Mills,100,CANONICAL,HIGH,CANONICAL,MASTER_DB,2026-01-14
West Coast Paper Mills Limited,West Coast Paper Mills Limited,100,CANONICAL,HIGH,CANONICAL,MASTER_DB,2026-01-14
Whirlpool of India Limited,Whirlpool of India Limited,100,CANONICAL,HIGH,CANONICAL,MASTER_DB,2026-01-14
Wipro Limited,Wipro Limited,100,CANONICAL,HIGH,CANONICAL,MASTER_DB,2026-01-14
Wockhardt Limited,Wockhardt Limited,100,CANONICAL,HIGH,CANONICAL,MASTER_DB,2026-01-14
YES Bank Limited,YES Bank Limited,100,CANONICAL,HIGH,CANONICAL,MASTER_DB,2026-01-14
ZENSAR TECHNOLOGIES LIMITED,ZENSAR TECHNOLOGIES LIMITED,100,CANONICAL,HIGH,CANONICAL,MASTER_DB,2026-01-14
ZF Commercial Vehicle Control Systems India Limited,ZF Commercial Vehicle Control Systems India Limited,100,CANONICAL,HIGH,CANONICAL,MASTER_DB,2026-01-14
Zee Entertainment Enterprises Limited,Zee Entertainment Enterprises Limited,100,CANONICAL,HIGH,CANONICAL,MASTER_DB,2026-01-14
Zen Technologies Limited,Zen Technologies Limited,100,CANONICAL,HIGH,CANONICAL,MASTER_DB,2026-01-14
Zydus Lifesciences Limited,Zydus Lifesciences Limited,100,CANONICAL,HIGH,CANONICAL,MASTER_DB,2026-01-14
Zydus Wellness Limited,Zydus Wellness Limited,100,CANONICAL,HIGH,CANONICAL,MASTER_DB,2026-01-14
eClerx Services Limited,eClerx Services Limited,100,CANONICAL,HIGH,CANONICAL,MASTER_DB,2026-01-14
